text,label,source,confidence
"trasencodau | Bít tết, Cháo đậu đỏ cá bống, Phụ thu do Ăn không Uống",Ăn uống,manual,1.0
VinCommerce | NƯỚC Isotonic 7 Up Revive chai500ml,Ăn uống,manual,1.0
"CỬA HÀNG NĂM OÁNH | Cháo Sườn hầm đậu xanh 50g, Cháo Tổ Yến TN 50g, Cháo Tổ Yến Thịt 50g, Núm Pigeon L trắng",Ăn uống,manual,1.0
"THE COFFEE HOUSE | Cà Phê Sữa Đá (Vừa), Bánh Mì Gà Kim Quất (Cay)",Ăn uống,manual,1.0
"Công ty XNK Thanh Hà | Bố trí sảnh tiệc, Dịch vụ ăn uống, Dịch vụ dọn dẹp",Ăn uống,manual,1.0
"PARIS LEVAIN | Latte / Cà phê Latte Cold / Đá, Cappuccino / Cà phê Cappuccino - Hot / Nóng, Peach Creamcheese Pastry",Ăn uống,manual,1.0
"MINIMART ANAN | bột yến mạch good oats gói NC, Sữa chua đường VNM 100g NT, Bánh mì ruốc stass hải châu NT",Ăn uống,manual,1.0
"Co.opMart XA LO HA NOI | Suatt DLADYcaokhoe cd goi, SDN FAMI canxi bich 200ml, Choco KITKAT Greentea 8x1, B.CHOCO-PIE Lotte txanh h, Tao Fuji Nam Phi kg, Tao do New Zealand kg, Ca chua Kg, Thanh Long PThiet L1, Trung ga 10t/hop-V.food",Ăn uống,manual,1.0
"Xôi xéo, Xôi ngô, Quả, Gà xào nấm",Ăn uống,manual,1.0
"MINIMART ANAN | Thạch rau câu Long Hải vị 5 NT, Bánh Custas 6p 138g NT, Bánh Custas 12p NT, kẹo lạc,đổi vừng siu châu. NT, Thạch joy VF hoa quả 800g NT, kẹo bibica chewgum gói 270g N0, kẹo sữa alpenliebe 360g NT, bánh gạo an gói 151g N0, Thạch sữa chua vf, odeli 1k NT, kẹo chanh muối vitamin c Th N0",Ăn uống,manual,1.0
"CÔNG TY TNHH THƯƠNG MẠI VÀ DỊCH VỤ LANDMARK ONE | Gà đồi nướng mắc khén, Cá Hồi Sa Pa tươi sống, Trà sâm dứa, Trâu cháy tiêu xanh, Măng trúc xào nấm, Lợn gác bếp, Rau cải luộc chấm trứng",Ăn uống,manual,1.0
"MINIMART ANAN | nước giặt omo matic cửa trẻ NO, Xã Comfort 1.6L túi NT, giấy ăn rút ella gói 250 tờ NO, dg sunsilk natural hoa thiê NO, Bánh mì ruốc xúc xích kd NT, chả viên hương tôm trí thàn NO, Mì chính ajingon 1.8kg NT, Bột canh hải châu 190g NT, hướng dương 0.4kg NT",Ăn uống,manual,1.0
"MINIMART ANAN | bánh que oishi akiko160g NO, bánh que mini waf 330g NT, thạch long hải caramen 1kg NO, Mì cốc moder lẩu NT",Ăn uống,manual,1.0
"Saigon Co.op | Chuoi tieu song, Bi ngoai xanh, Chuoi Tieu Hong",Ăn uống,manual,1.0
"MINIMART ANAN | Bột làm thạch NT, Bánh Chocopie 6p 180g NT, nước dừa, táo, xoài chabaa NO",Ăn uống,manual,1.0
"MINIMART ANAN | Sữa bột pedia NT, Thuốc lá 3 số 555 NT, Kem merino super teen NT, kem merino celano trân châu N0",Ăn uống,manual,1.0
"VINH NGUYEN RES | Coca, Sprite, Coca, Tonic, Soda",Ăn uống,manual,1.0
"ỐC VÒI VOI / ELEPHANT CLAM, TÔM HÙM BÔNG TỪ 0.7KG < 1KG / CRAYFISH 0.7KG < 1KG, CÁ CHÌNH / SEA EEL, NƯỚC ÉP CHANH DÂY / PASSION FRUIT JUICE, CÀ PHÊ ĐEN - BLACK COFFEE, SODA XOÀI / MANGO SODA, BIA TƯƠI TIGER 500ml, SINH TỐ XOÀI / THƠM / MANGO / PINEAPPLE SMOOTHIE",Ăn uống,manual,1.0
"Trà mạn (ice/hot) Viet nam Green tea, Cà phê Vivienne Vivienne coffee, Nước hoa quả tự chọn Mix juice, sinh tố bơ Avocado smothies, hạt hướng dương Sun flower seeds",Ăn uống,manual,1.0
"Co.opMart XA LO HA NOI | Stuoi ttTH it duong goi22, Tao hong Queen NewZealand, Bo sap loai 1 kg, Mi OMACHI tom c.cay 5 sao, Mi OMACHI s.ham n.qua 80g, Luoi rua chen bon mua 17x, BCDR P/S long to m.mai, Mi ktayOMACHI sot spa bo, Trung ga goc COOP 4T/hop",Ăn uống,manual,1.0
"MINH HIỀN VEGETARIAN RESTAURANT | 333, Hoi An Special Noodle, Sauteed Hoi An Special Noodle",Ăn uống,manual,1.0
"SIÊU THỊ MINH LOAN | Sữa TH gói ít đường, sáp thơm Airbipur hương hoa hồng, Bánh mỳ Hoa Cúc 210g",Ăn uống,manual,1.0
"NHẬU BÌNH DÂN CÁC MÓN HẢI SẢN | Tiger, Mực xào, Tsú",Ăn uống,manual,1.0
"VinCommerce | Cải xanh (cải canh) L1 Vineco 18.200/KG x 0,518 KG, ARGO Rong biển trộn cơm Argo gói 50g T30, MIWON Rong biển giòn trộn gia vị 50g T20, CP_Thịt heo xay 300g, Tím gà CP 500g, SLIDE Snack k.tây tự nhiên 75g (T28)",Ăn uống,manual,1.0
"Nhà hàng Bảo Trang (Cơ sở 1) | Cá hồi NaUy, Bánh xèo nhật, Dưa muối tổng hợp, Sushi cá ngừ",Ăn uống,manual,1.0
"Café Mộc Lan | Bò Húc, Café Đen, Café Sữa, Kem, Nước Cam, Nước Chanh, Sâm Dứa, Sữa Chua",Ăn uống,manual,1.0
"CƠM GÀ BẢO NGỌC | Gà rang muối nửa con, Trà sâm dứa ca, Lẩu riêu cua gà truyền thống 279k, Dưa chẻ, Ngô chiên, Bia Sài Gòn, Rau muống xào 40k, Bò ta 99k, Mọc, Gà quay lu nhỏ",Ăn uống,manual,1.0
"Saigon Co.op | Rau muong, Thit xay pha loc, Dau hu trang",Ăn uống,manual,1.0
"CÔNG TY CỔ PHẦN ĐẦU TƯ VÀ PHÁT TRIỂN THƯƠNG MẠI AN SƠN | Mì Omachi quán xá Châu á bò Đài Loan 12 hộp x 95gr, Nước mắm Nam Ngư (QR) 15chai x 900ml, Tương ớt CHIN-SU MB (QR) 3bl x 8chai x 250gr, Tương ớt CHIN-SU MB (QR) 2bl x 6chai x 500gr",Ăn uống,manual,1.0
"VinCommerce | Phô mai lát Sandwich Zott gói 200g, VMH-K.mặt CTCC hồng/xanh 34*75*1079, ACK Phở trộn ệ nhất hương vị Phở bò 84g, NONGSHIM Mi Shin Ramyun gói 120g, Ken: Strongbow Dark Fruit 330 ml T24, Nấm kim châm VN 150g, ậu hũ non Bibigo ống Kim’s 220gr, Cải chíp (cải thìa) DL L1 Vineco 34.900/KG x 0,464 KG",Ăn uống,manual,1.0
"VinCommerce | Táo Envy NewZealand 90-110 157.500/KG x 0,950 KG, KM, Bưởi hồng da xanh túi lưới 65.300/KG x 1,422 KG, KM, Mít quả 43.900/KG x 1,242 KG, Kẹo trái cây SKITTLES 45g, Xúc xích Red tiệt trùng CP (MN) gói 200g, Xúc xích Red tiệt trùng CP (MN) gói 200g, MARSMALLOWS Kẹo Mega 120g, CU tt Fristi h.nho L6 hộpx80ml",Ăn uống,manual,1.0
"CỬA HÀNG NĂM OÁNH | Bánh gạo mặn One One 225g, Bánh gạo One.one ngọt 230g, Bánh Akiko nhân cafe 160g, GVS Watersilk 10c ko lõi",Ăn uống,auto_verified,0.8
"CÔNG TY TNHH DỊCH VỤ HÀ PHƯƠNG VIỆT NAM | Maggi Dầu hào 12*350g KM Nước tương DD200, Dầu hào 820g *12 chai, NESCAFE Nước cốt cà phê đen 6(5*75ml) MYW, Maggi nước tương đậm đặc 12x700ml NE1, Sữa lúa mạch Nestle Milo 12(4*180ml) Mới, TPBS sữa lúa mạch Nestle milo A2 12(4*110ml), Chiết khấu KMT",Ăn uống,auto_verified,0.8
"Co.op Food | Hanh la Mien Bac Kg, Bun Khuong Huy 500g, Nam huong 3D 40g, Chao VIFON vi ga co thit",Ăn uống,auto_verified,0.8
"THE COFFEE HOUSE | Oolong Vải Như Ý, - Đá (Lon)",Ăn uống,auto_verified,0.8
"MINIMART ANAN | Thạch rau câu Long Hải g?i, hướng dương 0,4kg, ngô nếp tươi sấy gói 160g m",Ăn uống,auto_verified,0.8
"MINIMART ANAN | quẩy xoắn hàn quốc gói 280g N0, bánh gạo richy to 315g NT, Bột chiên xù NT",Ăn uống,auto_verified,0.8
"MART ANAN | BVS kạo mồng cánh NT, mì omachi bò hầm nấu gói 10 NO, Mì omachi sườn 80g NT, bánh mì sandwich bảo ngọc 2 NO, Hộp thịt lợn xay HL 170g NT, pate thịt heo vissan NO",Ăn uống,auto_verified,0.8
"VinCommerce | Ùi tỏi gà CP - Khay 500G, Coupon giảm 50% Thịt, hải sản, C.Biến_V+, Ùi tỏi gà CP - Khay 500G, Coupon giảm 50% Thịt, hải sản, C.Biến_V+, Ùi tỏi gà CP - Khay 500G, Coupon giảm 50% Thịt, hải sản, C.Biến_V+, Ùi tỏi gà CP - Khay 500G, Coupon giảm 50% Thịt, hải sản, C.Biến_V+, Táo Envy New Zealand 90-110, ACK Phở rộn ệ nhất Phở Thập Cẩm Cay 82g",Ăn uống,auto_verified,0.8
"VinCommerce | Mặt hàng, MML_Nac thân heo (S), Xúc xích Deli Việt Nam Le Gourmet G500g, sữa uông lên men Yakult 65ml, Giò lụa HNF 300g, BIBIGO Kimchi cải thảo cắt lát 500g, Layos Wavy thân bò nướng Texas 95/100g, HẢI CHÂU Bột canh i-ốt Hải châu gối 190g, OSTAR Snack vị Kim Chi Hàn Quốc 90g(T22), COCA Nước giải khát 330/320ml T24",Ăn uống,auto_verified,0.8
"VinCommerce | Đậu Phộng Mực Cay Pinattsu100-95gr T/50g, Lay's vị Tảo biển Nori 52/56g",Ăn uống,auto_verified,0.8
"O&#39;Star táo 30g, O&#39;Star kimchi 30g, Swing max bò 30g, O&#39;Star Muối 36g, TaYo X táo ngọt 30g",Ăn uống,auto_verified,0.8
"MINIMART ANAN | Mắm Nam ngưệ, xúc xích cp 8, 10 dài NT",Ăn uống,auto_verified,0.8
"CO.OPMART | GelTaytoiletVIM H.ChanhSa, XCT JumboVape H.hoa lai 6, KDR P/S BV123 ThanHoatTin, NRT Lifebuoy csd tui 450g, 2BCDR P/S Charcoal than b, 2BCDR P/S Charcoal than b, Thanh Long PHiet L1, Quyt duong loai 1 kg, S-Suatt DLcaokhoe cd 24x1",Ăn uống,auto_verified,0.8
"Cari Trương | Bia tươi, Cơm bò sốt tiêu, Nem rán thịt, Khoai tây chiên, coke, weed",Ăn uống,auto_verified,0.8
"Co.opmart NGUYEN DINH CHIEU | Dui bittet bo UC kg-VS990, Muoi bienCoop Select tsay, NGK CocaCola lon cao, Mien Coop Select thit bam, KDR CloseUp tt bang tuyet, KDR CloseUp tt bang tuyet, KDR CloseUp tt bang tuyet, Banh phuc linh MyVan hop1, Banh phuc linh MyVan hop1",Ăn uống,auto_verified,0.8
"Nét Huế | Hến Xúc Bánh Tráng, Nem lui, Bún bò 50. (Noodle), Thịt Luộc Chấm Tôm, Chùa., Móng., Bia Hà Nội.",Ăn uống,auto_verified,0.8
"GO COFFEE | Sữa tươi đường đen, Yaourt dâu, Lipton gô, Trà lài vải, Milo Dầm",Ăn uống,auto_verified,0.8
"BEN NAY RESTAURANT | Roasted Shrimp w/ Salt, Pepper, Roasted Pork Ribs w/ Salt, Fried Chicken w/ Fish Sauce, Fried Rice w/ Seafood, Saigon export beer, Orange juice without ice, Pineapple, French Fries",Ăn uống,auto_verified,0.8
"Phúc Anh Minimart | TH ít Đường 110ml - Thùng, Tã Quần Huggie size L68 + 8 miếng, SCA Susu IQ dầu chuối 80g, Chupa Chups gấu 24g",Ăn uống,auto_verified,0.8
"VinCommerce | CLEAR Dầu gội thảo dược 630g, GERVENNE ST trắng n.hoa tc sữa dẻ 900g, COLGATE KR ngừa sâu răng 250g+bc, VMHOME Sữa RT dưỡng ẩm hương cà phê 500g, CP_Sườn già heo 300g, CP_Sườn non heo 300g, CP_Thịt ba rọi có da 300g, CP_Móng heo 500g, CP_Bắp giò heo không xương 300g",Ăn uống,auto_verified,0.8
"Demo Online Quán Ăn & Quán Nhậu | càng cua rang muối, Sài gòn lager lon, Ghe rang me, Khăn lạnh",Ăn uống,auto_verified,0.8
"PHIẾU TAM TINH | tôm sú biển hấp, bia, cá mú, cò, mực chiên nước mắm, thịt bò, cá tim nướng mỡ hành, rau muống xào tỏi, bò láng nướng phomai, phở bò / gà",Ăn uống,auto_verified,0.8
"SIÊU THỊ BÁCH HÓA TỔNG HỢP | Nước giặt Suby hương ngân hoa can 5m NT, Bia Hà Nội lon 330ml T24(vàng) NT, Patè gan Ha Long 170g T2, Patè gan hảo vi Mai Vàng Vissan 150g T2, Bột canh Vifon 200g T40 T2, Hạt nêm chay Knorr nấm hương 380g/16 T2, Muối hạt sạch DH 999-1Kg/30 gói NT, Bộ cốc TT lùn trơn CB001 NT, Hộp đựng kim chỉ 601 NT",Ăn uống,auto_verified,0.8
"MARUKAME UDON & TEMPURA | Compo Udon Champon & nước mơ chanh sả, Tempura Khoai lang, Tempura rau củ 1- Khoai lang",Ăn uống,auto_verified,0.8
MINH HIỀN VEGETARIAN RESTAURANT | Hoi An Special Noodle,Ăn uống,synthetic,0.95
"PHIẾU TAM TINH | cò, bò láng nướng phomai, phở bò / gà, bia, cá tim nướng mỡ hành, rau muống xào tỏi, cá mú, thịt bò, tôm sú biển hấp",Ăn uống,synthetic,0.95
"MINIMART ANAN | Tương ớt chinsu 250g NT, Bột mì meizan 1kg NT",Ăn uống,synthetic,0.95
"Cà phê Vivienne Vivienne coffee, Nước hoa quả tự chọn Mix juice, Trà mạn (ice/hot) Viet nam Green tea, hạt hướng dương Sun flower seeds",Ăn uống,synthetic,0.95
"VinCommerce | Ùi tỏi gà CP - Khay 500G, Coupon giảm 50% Thịt, C.Biến_V+, hải sản, Coupon giảm 50% Thịt, C.Biến_V+, Coupon giảm 50% Thịt, C.Biến_V+, hải sản, ACK Phở rộn ệ nhất Phở Thập Cẩm Cay 82g, C.Biến_V+, hải sản, Coupon giảm 50% Thịt, Táo Envy New Zealand 90-110, Ùi tỏi gà CP - Khay 500G, Ùi tỏi gà CP - Khay 500G, Ùi tỏi gà CP - Khay 500G",Ăn uống,synthetic,0.95
SoBanHang | [Vỉ dụ] Bánh mì Việt Nam ngon bá cháy,Ăn uống,synthetic,0.95
"MINIMART ANAN | Thuốc lá 3 số 555 NT, Sữa bột pedia NT, Kem merino super teen NT",Ăn uống,synthetic,0.95
Saigon Co.op | Chuoi tieu song,Ăn uống,synthetic,0.95
THE NOODLE HOUSE - 225NVT | Phở gà Đệ nhất Tràng An,Ăn uống,synthetic,0.95
"VinCommerce | Măng Lay Tây Bắc KIM BÔI 300g, SG FOOD Nước Dùng côặc vị LẩuThái 150Gr",Ăn uống,synthetic,0.95
VinCommerce | CP_xương ống 500g,Ăn uống,synthetic,0.95
"Café Mộc Lan | Sâm Dứa, Nước Chanh, Kem, Sữa Chua, Nước Cam, Bò Húc, Café Đen",Ăn uống,synthetic,0.95
"GO COFFEE | Yaourt dâu, Trà lài vải, Lipton gô",Ăn uống,synthetic,0.95
"Nhà hàng A Vương | Phở gà đùi, Rượu Macallan 2",Ăn uống,synthetic,0.95
"VinCommerce | hải sản, ACK Phở rộn ệ nhất Phở Thập Cẩm Cay 82g, C.Biến_V+, Coupon giảm 50% Thịt, C.Biến_V+, hải sản, hải sản, Ùi tỏi gà CP - Khay 500G, Coupon giảm 50% Thịt, Coupon giảm 50% Thịt, C.Biến_V+, C.Biến_V+, Ùi tỏi gà CP - Khay 500G, Ùi tỏi gà CP - Khay 500G, Ùi tỏi gà CP - Khay 500G, Coupon giảm 50% Thịt, hải sản",Ăn uống,synthetic,0.95
"CỬA HÀNG NĂM OÁNH | Bánh gạo mặn One One 225g, Bánh gạo One.one ngọt 230g",Ăn uống,synthetic,0.95
"MART ANAN | bánh mì sandwich bảo ngọc 2 NO, Mì omachi sườn 80g NT, BVS kạo mồng cánh NT, Hộp thịt lợn xay HL 170g NT",Ăn uống,synthetic,0.95
"SIÊU THỊ BÁCH HÓA TỔNG HỢP | Nước giặt Suby hương ngân hoa can 5m NT, Bột canh Vifon 200g T40 T2, Patè gan hảo vi Mai Vàng Vissan 150g T2, Bộ cốc TT lùn trơn CB001 NT, Bia Hà Nội lon 330ml T24(vàng) NT, Muối hạt sạch DH 999-1Kg/30 gói NT, Hộp đựng kim chỉ 601 NT, Hạt nêm chay Knorr nấm hương 380g/16 T2",Ăn uống,synthetic,0.95
"Café Mộc Lan | Bò Húc, Café Đen, Nước Cam, Sữa Chua, Sâm Dứa, Kem",Ăn uống,synthetic,0.95
"trasencodau | Ốp la thập cẩm, Phụ thu do Ăn không Uống",Ăn uống,synthetic,0.95
"MARUKAME UDON & TEMPURA | Tempura rau củ 1- Khoai lang, Compo Udon Champon & nước mơ chanh sả",Ăn uống,synthetic,0.95
"VinCommerce | Bơ đặc biệt, SCU có đường Probi VNM L4 chaix130ml",Ăn uống,synthetic,0.95
"MINIMART ANAN | Thạch rau câu Long Hải g?i, hướng dương 0",Ăn uống,synthetic,0.95
VinCommerce | Rau muống L1 Vineco,Ăn uống,synthetic,0.95
"O&#39;Star Muối 36g, O&#39;Star kimchi 30g, Swing max bò 30g, O&#39;Star táo 30g",Ăn uống,synthetic,0.95
"VinCommerce | ARGO Rong biển trộn cơm Argo gói 50g T30, Tím gà CP 500g, 518 KG, CP_Thịt heo xay 300g, SLIDE Snack k.tây tự nhiên 75g (T28)",Ăn uống,synthetic,0.95
"Saigon Co.op | Rau muong, Thit xay pha loc",Ăn uống,synthetic,0.95
"hạt hướng dương Sun flower seeds, Nước hoa quả tự chọn Mix juice, sinh tố bơ Avocado smothies, Trà mạn (ice/hot) Viet nam Green tea",Ăn uống,synthetic,0.95
"Saigon Co.op | Bi ngoai xanh, Chuoi Tieu Hong",Ăn uống,synthetic,0.95
"Café Mộc Lan | Sữa Chua, Café Sữa, Nước Cam, Kem, Bò Húc, Café Đen, Sâm Dứa",Ăn uống,synthetic,0.95
"MARUKAME UDON & TEMPURA | Tempura Khoai lang, Tempura rau củ 1- Khoai lang",Ăn uống,synthetic,0.95
"VinCommerce | GERVENNE ST trắng n.hoa tc sữa dẻ 900g, CP_Thịt ba rọi có da 300g, CLEAR Dầu gội thảo dược 630g, CP_Sườn già heo 300g, VMHOME Sữa RT dưỡng ẩm hương cà phê 500g, CP_Bắp giò heo không xương 300g, CP_Móng heo 500g",Ăn uống,synthetic,0.95
"Café Mộc Lan | Café Đen, Bò Húc, Sữa Chua, Kem, Nước Chanh, Sâm Dứa",Ăn uống,synthetic,0.95
"MINIMART ANAN | Nước C2 trà xanh 360ml NT, 8936048471248 NT",Ăn uống,synthetic,0.95
"BIA TƯƠI TIGER 500ml, CÀ PHÊ ĐEN - BLACK COFFEE, ỐC VÒI VOI / ELEPHANT CLAM, NƯỚC ÉP CHANH DÂY / PASSION FRUIT JUICE, SODA XOÀI / MANGO SODA, SINH TỐ XOÀI / THƠM / MANGO / PINEAPPLE SMOOTHIE, CÁ CHÌNH / SEA EEL",Ăn uống,synthetic,0.95
Saigon Co.op | Rau muong,Ăn uống,synthetic,0.95
trasencodau | Cháo đậu đỏ cá bống,Ăn uống,synthetic,0.95
"THE COFFEE HOUSE | Bánh Mì Thịt Nguội (Cay), Cà Phê Sữa Đá (Vừa)",Ăn uống,synthetic,0.95
"VinCommerce | COCA Nước giải khát 330/320ml T24, MML_Nac thân heo (S), sữa uông lên men Yakult 65ml, Mặt hàng, Giò lụa HNF 300g, BIBIGO Kimchi cải thảo cắt lát 500g, Xúc xích Deli Việt Nam Le Gourmet G500g, HẢI CHÂU Bột canh i-ốt Hải châu gối 190g",Ăn uống,synthetic,0.95
"Gà xào nấm, Xôi ngô, Xôi xéo",Ăn uống,synthetic,0.95
"ỐC VÒI VOI / ELEPHANT CLAM, CÀ PHÊ ĐEN - BLACK COFFEE, TÔM HÙM BÔNG TỪ 0.7KG < 1KG / CRAYFISH 0.7KG < 1KG, CÁ CHÌNH / SEA EEL, SODA XOÀI / MANGO SODA, BIA TƯƠI TIGER 500ml, SINH TỐ XOÀI / THƠM / MANGO / PINEAPPLE SMOOTHIE",Ăn uống,synthetic,0.95
"VinCommerce | Mặt hàng, sữa uông lên men Yakult 65ml, BIBIGO Kimchi cải thảo cắt lát 500g, MML_Nac thân heo (S), Layos Wavy thân bò nướng Texas 95/100g, COCA Nước giải khát 330/320ml T24, HẢI CHÂU Bột canh i-ốt Hải châu gối 190g, OSTAR Snack vị Kim Chi Hàn Quốc 90g(T22), Giò lụa HNF 300g",Ăn uống,synthetic,0.95
"CÔNG TY TNHH DỊCH VỤ HÀ PHƯƠNG VIỆT NAM | Maggi nước tương đậm đặc 12x700ml NE1, TPBS sữa lúa mạch Nestle milo A2 12(4*110ml), NESCAFE Nước cốt cà phê đen 6(5*75ml) MYW, Sữa lúa mạch Nestle Milo 12(4*180ml) Mới, Chiết khấu KMT, Dầu hào 820g *12 chai",Ăn uống,synthetic,0.95
"Xôi xéo, Xôi ngô, Gà xào nấm",Ăn uống,synthetic,0.95
"CỬA HÀNG NĂM OÁNH | Bánh gạo One.one ngọt 230g, GVS Watersilk 10c ko lõi",Ăn uống,synthetic,0.95
"MINIMART ANAN | Sữa bột pedia NT, Thuốc lá 3 số 555 NT",Ăn uống,synthetic,0.95
"êm phòng, p thái",Ăn uống,synthetic,0.95
Cty LD TNHH KFC Viet Nam | ZINGER BURGER E,Ăn uống,synthetic,0.95
"VINH NGUYEN RES | Soda, Sprite, Tonic, Coca",Ăn uống,synthetic,0.95
"PHỞ MỞ | Trà chanh đào nhiệt đới, Trà Quất Lắc Sữa Bạc Hà",Ăn uống,synthetic,0.95
"Co.opMart XA LO HA NOI | Choco KITKAT Greentea 8x1, Tao do New Zealand kg, Suatt DLADYcaokhoe cd goi, Thanh Long PThiet L1, Trung ga 10t/hop-V.food, Tao Fuji Nam Phi kg, B.CHOCO-PIE Lotte txanh h",Ăn uống,synthetic,0.95
"CƠM GÀ BẢO NGỌC | Mọc, Lẩu riêu cua gà truyền thống 279k, Bia Sài Gòn, Gà rang muối nửa con, Dưa chẻ, Rau muống xào 40k, Ngô chiên, Gà quay lu nhỏ, Bò ta 99k",Ăn uống,synthetic,0.95
"MINIMART ANAN | bánh que oishi akiko160g NO, bánh que mini waf 330g NT, thạch long hải caramen 1kg NO",Ăn uống,synthetic,0.95
"CÔNG TY CỔ PHẦN ĐẦU TƯ VÀ PHÁT TRIỂN THƯƠNG MẠI AN SƠN | Nước mắm Nam Ngư (QR) 15chai x 900ml, Mì Omachi quán xá Châu á bò Đài Loan 12 hộp x 95gr, Tương ớt CHIN-SU MB (QR) 3bl x 8chai x 250gr",Ăn uống,synthetic,0.95
"SIÊU THỊ MINH LOAN | Sữa TH gói ít đường, sáp thơm Airbipur hương hoa hồng",Ăn uống,synthetic,0.95
MINIMART ANAN | bánh gạo richy to 315g NT,Ăn uống,synthetic,0.95
"Nhà hàng Bảo Trang (Cơ sở 1) | Sushi cá ngừ, Dưa muối tổng hợp, Bánh xèo nhật",Ăn uống,synthetic,0.95
"MINIMART ANAN | nước dừa, xoài chabaa NO, Bánh Chocopie 6p 180g NT",Ăn uống,synthetic,0.95
"CO.OPMART | 2BCDR P/S Charcoal than b, KDR P/S BV123 ThanHoatTin, 2BCDR P/S Charcoal than b, Quyt duong loai 1 kg, NRT Lifebuoy csd tui 450g, XCT JumboVape H.hoa lai 6, GelTaytoiletVIM H.ChanhSa",Ăn uống,synthetic,0.95
"MINIMART ANAN | 4kg, hướng dương 0",Ăn uống,synthetic,0.95
"MINIMART ANAN | bánh que oishi akiko160g NO, Mì cốc moder lẩu NT",Ăn uống,synthetic,0.95
"Cari Trương | weed, Khoai tây chiên, coke, Nem rán thịt",Ăn uống,synthetic,0.95
"Co.opMart XA LO HA NOI | Mi ktayOMACHI sot spa bo, Tao hong Queen NewZealand, BCDR P/S long to m.mai, Bo sap loai 1 kg, Stuoi ttTH it duong goi22, Trung ga goc COOP 4T/hop, Mi OMACHI tom c.cay 5 sao",Ăn uống,synthetic,0.95
"CỬA HÀNG NĂM OÁNH | Cháo Sườn hầm đậu xanh 50g, Cháo Tổ Yến Thịt 50g",Ăn uống,synthetic,0.95
"Nét Huế | Thịt Luộc Chấm Tôm, Bia Hà Nội., Chùa., Hến Xúc Bánh Tráng, Móng.",Ăn uống,synthetic,0.95
"MINIMART ANAN | táo, nước dừa, Bánh Chocopie 6p 180g NT, xoài chabaa NO",Ăn uống,synthetic,0.95
"Co.opMart XA LO HA NOI | Tao Fuji Nam Phi kg, SDN FAMI canxi bich 200ml, Choco KITKAT Greentea 8x1, Thanh Long PThiet L1, Tao do New Zealand kg, Suatt DLADYcaokhoe cd goi, Ca chua Kg",Ăn uống,synthetic,0.95
"O&#39;Star kimchi 30g, O&#39;Star táo 30g, TaYo X táo ngọt 30g, O&#39;Star Muối 36g",Ăn uống,synthetic,0.95
"Co.opMart XA LO HA NOI | Luoi rua chen bon mua 17x, Mi ktayOMACHI sot spa bo, Trung ga goc COOP 4T/hop, Mi OMACHI tom c.cay 5 sao, Stuoi ttTH it duong goi22, Mi OMACHI s.ham n.qua 80g, Tao hong Queen NewZealand",Ăn uống,synthetic,0.95
"CỬA HÀNG NĂM OÁNH | Bánh Akiko nhân cafe 160g, Bánh gạo mặn One One 225g, GVS Watersilk 10c ko lõi",Ăn uống,synthetic,0.95
"MINIMART ANAN | Thạch rau câu Long Hải vị 5 NT, Bánh Custas 6p 138g NT, odeli 1k NT, Thạch joy VF hoa quả 800g NT, kẹo lạc, kẹo sữa alpenliebe 360g NT, Thạch sữa chua vf, kẹo chanh muối vitamin c Th N0, đổi vừng siu châu. NT, bánh gạo an gói 151g N0",Ăn uống,synthetic,0.95
"VinCommerce | Tím gà CP 500g, Cải xanh (cải canh) L1 Vineco 18.200/KG x 0, ARGO Rong biển trộn cơm Argo gói 50g T30, MIWON Rong biển giòn trộn gia vị 50g T20, CP_Thịt heo xay 300g, 518 KG",Ăn uống,synthetic,0.95
"Demo Online Quán Ăn & Quán Nhậu | Khăn lạnh, càng cua rang muối, Ghe rang me",Ăn uống,synthetic,0.95
"MINIMART ANAN | kem merino celano trân châu N0, Kem merino super teen NT",Ăn uống,synthetic,0.95
"CÔNG TY TNHH DỊCH VỤ HÀ PHƯƠNG VIỆT NAM | NESCAFE Nước cốt cà phê đen 6(5*75ml) MYW, Sữa lúa mạch Nestle Milo 12(4*180ml) Mới, Maggi Dầu hào 12*350g KM Nước tương DD200, Chiết khấu KMT, Dầu hào 820g *12 chai",Ăn uống,synthetic,0.95
MINIMART ANAN | Mắm Nam ngưệ,Ăn uống,synthetic,0.95
"CƠM GÀ BẢO NGỌC | Bia Sài Gòn, Mọc, Lẩu riêu cua gà truyền thống 279k, Gà rang muối nửa con, Ngô chiên, Trà sâm dứa ca, Rau muống xào 40k, Bò ta 99k, Gà quay lu nhỏ",Ăn uống,synthetic,0.95
"PHIẾU TAM TINH | phở bò / gà, bò láng nướng phomai, tôm sú biển hấp, cá tim nướng mỡ hành, cá mú, cò, thịt bò, mực chiên nước mắm, rau muống xào tỏi",Ăn uống,synthetic,0.95
Phiếu Thanh Toán | Trà sữa trân châu(Size M),Ăn uống,synthetic,0.95
"PAUL BAKERY VN | Ice Espres Mando, Ice Latte",Ăn uống,synthetic,0.95
"CỬA HÀNG NĂM OÁNH | Cháo Tổ Yến TN 50g, Núm Pigeon L trắng, Cháo Tổ Yến Thịt 50g",Ăn uống,synthetic,0.95
"MINIMART ANAN | Thạch sữa chua vf, odeli 1k NT, bánh gạo an gói 151g N0, đổi vừng siu châu. NT, kẹo chanh muối vitamin c Th N0, Thạch rau câu Long Hải vị 5 NT, kẹo sữa alpenliebe 360g NT, kẹo bibica chewgum gói 270g N0, kẹo lạc, Bánh Custas 6p 138g NT, Bánh Custas 12p NT",Ăn uống,synthetic,0.95
"CÔNG TY TNHH THƯƠNG MẠI VÀ DỊCH VỤ LANDMARK ONE | Rau cải luộc chấm trứng, Cá Hồi Sa Pa tươi sống, Gà đồi nướng mắc khén, Măng trúc xào nấm, Lợn gác bếp",Ăn uống,synthetic,0.95
"VinCommerce | Giò lụa HNF 300g, Layos Wavy thân bò nướng Texas 95/100g, BIBIGO Kimchi cải thảo cắt lát 500g, Mặt hàng, Xúc xích Deli Việt Nam Le Gourmet G500g, COCA Nước giải khát 330/320ml T24, sữa uông lên men Yakult 65ml, OSTAR Snack vị Kim Chi Hàn Quốc 90g(T22)",Ăn uống,synthetic,0.95
MINIMART ANAN | 8934755010156 BVS diana mồng cánh NT,Ăn uống,synthetic,0.95
MINH HIỀN VEGETARIAN RESTAURANT | 333,Ăn uống,synthetic,0.95
trasencodau | Bít tết,Ăn uống,synthetic,0.95
MINIMART ANAN | Bánh mì ruốc stass hải châu NT,Ăn uống,synthetic,0.95
"CÔNG TY CỔ PHẦN ĐẦU TƯ VÀ PHÁT TRIỂN THƯƠNG MẠI AN SƠN | Mì Omachi quán xá Châu á bò Đài Loan 12 hộp x 95gr, Tương ớt CHIN-SU MB (QR) 3bl x 8chai x 250gr",Ăn uống,synthetic,0.95
"Nước hoa quả tự chọn Mix juice, sinh tố bơ Avocado smothies, Trà mạn (ice/hot) Viet nam Green tea",Ăn uống,synthetic,0.95
"NHẬU BÌNH DÂN CÁC MÓN HẢI SẢN | Tiger, Mực xào",Ăn uống,synthetic,0.95
"MINIMART ANAN | Sữa chua đường VNM 100g NT, Bánh mì ruốc stass hải châu NT",Ăn uống,synthetic,0.95
"Cari Trương | Khoai tây chiên, Cơm bò sốt tiêu, weed, coke, Nem rán thịt",Ăn uống,synthetic,0.95
"MART ANAN | Mì omachi sườn 80g NT, pate thịt heo vissan NO, BVS kạo mồng cánh NT, mì omachi bò hầm nấu gói 10 NO",Ăn uống,synthetic,0.95
"SIÊU THỊ BÁCH HÓA TỔNG HỢP | Bia Hà Nội lon 330ml T24(vàng) NT, Patè gan hảo vi Mai Vàng Vissan 150g T2, Patè gan Ha Long 170g T2, Bột canh Vifon 200g T40 T2, Muối hạt sạch DH 999-1Kg/30 gói NT, Bộ cốc TT lùn trơn CB001 NT, Nước giặt Suby hương ngân hoa can 5m NT",Ăn uống,synthetic,0.95
"MINIMART ANAN | chả viên hương tôm trí thàn NO, Bột canh hải châu 190g NT, Xã Comfort 1.6L túi NT, dg sunsilk natural hoa thiê NO, hướng dương 0.4kg NT, Bánh mì ruốc xúc xích kd NT, giấy ăn rút ella gói 250 tờ NO, Mì chính ajingon 1.8kg NT",Ăn uống,synthetic,0.95
"VinCommerce | C.Biến_V+, Coupon giảm 50% Thịt, C.Biến_V+, Ùi tỏi gà CP - Khay 500G, C.Biến_V+, hải sản, Ùi tỏi gà CP - Khay 500G, hải sản, Ùi tỏi gà CP - Khay 500G, Coupon giảm 50% Thịt, Coupon giảm 50% Thịt, hải sản, Ùi tỏi gà CP - Khay 500G, C.Biến_V+, hải sản, Coupon giảm 50% Thịt",Ăn uống,synthetic,0.95
"VinCommerce | 422 KG, KM, Mít quả 43.900/KG x 1, KM, 950 KG, Kẹo trái cây SKITTLES 45g, Bưởi hồng da xanh túi lưới 65.300/KG x 1, Xúc xích Red tiệt trùng CP (MN) gói 200g, CU tt Fristi h.nho L6 hộpx80ml, Xúc xích Red tiệt trùng CP (MN) gói 200g, MARSMALLOWS Kẹo Mega 120g",Ăn uống,synthetic,0.95
PARIS LEVAIN | Peach Creamcheese Pastry,Ăn uống,synthetic,0.95
"Quả, Gà xào nấm",Ăn uống,synthetic,0.95
"CÔNG TY TNHH DỊCH VỤ HÀ PHƯƠNG VIỆT NAM | Maggi nước tương đậm đặc 12x700ml NE1, Maggi Dầu hào 12*350g KM Nước tương DD200, NESCAFE Nước cốt cà phê đen 6(5*75ml) MYW, Chiết khấu KMT, TPBS sữa lúa mạch Nestle milo A2 12(4*110ml), Dầu hào 820g *12 chai",Ăn uống,synthetic,0.95
"GO COFFEE | Lipton gô, Sữa tươi đường đen, Trà lài vải, Yaourt dâu",Ăn uống,synthetic,0.95
"MINIMART ANAN | Bột làm thạch NT, nước dừa, táo",Ăn uống,synthetic,0.95
Công ty XNK Thanh Hà | Dịch vụ dọn dẹp,Ăn uống,synthetic,0.95
"Cà phê Vivienne Vivienne coffee, Nước hoa quả tự chọn Mix juice, sinh tố bơ Avocado smothies",Ăn uống,synthetic,0.95
"VinCommerce | Táo Envy NewZealand 90-110 157.500/KG x 0, Mít quả 43.900/KG x 1, KM, Bưởi hồng da xanh túi lưới 65.300/KG x 1, KM, Xúc xích Red tiệt trùng CP (MN) gói 200g, Kẹo trái cây SKITTLES 45g, 242 KG, Xúc xích Red tiệt trùng CP (MN) gói 200g, 950 KG, CU tt Fristi h.nho L6 hộpx80ml",Ăn uống,synthetic,0.95
"Nét Huế | Bún bò 50. (Noodle), Thịt Luộc Chấm Tôm, Nem lui, Chùa., Móng., Bia Hà Nội.",Ăn uống,synthetic,0.95
"CÔNG TY CỔ PHẦN ĐẦU TƯ VÀ PHÁT TRIỂN THƯƠNG MẠI AN SƠN | Nước mắm Nam Ngư (QR) 15chai x 900ml, Mì Omachi quán xá Châu á bò Đài Loan 12 hộp x 95gr, Tương ớt CHIN-SU MB (QR) 2bl x 6chai x 500gr",Ăn uống,synthetic,0.95
"MINIMART ANAN | bột yến mạch good oats gói NC, Sữa chua đường VNM 100g NT",Ăn uống,synthetic,0.95
"Nhà hàng Bảo Trang (Cơ sở 1) | Dưa muối tổng hợp, Cá hồi NaUy, Sushi cá ngừ",Ăn uống,synthetic,0.95
"Co.op Food | Hanh la Mien Bac Kg, Bun Khuong Huy 500g",Ăn uống,synthetic,0.95
"VinCommerce | ậu hũ non Bibigo ống Kim’s 220gr, Cải chíp (cải thìa) DL L1 Vineco 34.900/KG x 0, Phô mai lát Sandwich Zott gói 200g, Ken: Strongbow Dark Fruit 330 ml T24, VMH-K.mặt CTCC hồng/xanh 34*75*1079, ACK Phở trộn ệ nhất hương vị Phở bò 84g, Nấm kim châm VN 150g",Ăn uống,synthetic,0.95
"MINIMART ANAN | bánh gạo an gói 151g N0, odeli 1k NT, kẹo sữa alpenliebe 360g NT, Thạch rau câu Long Hải vị 5 NT, kẹo lạc, kẹo chanh muối vitamin c Th N0, Thạch sữa chua vf, Bánh Custas 12p NT, đổi vừng siu châu. NT, Bánh Custas 6p 138g NT, kẹo bibica chewgum gói 270g N0",Ăn uống,synthetic,0.95
"VinCommerce | Ùi tỏi gà CP - Khay 500G, hải sản, hải sản, Coupon giảm 50% Thịt, C.Biến_V+, Coupon giảm 50% Thịt, Coupon giảm 50% Thịt, C.Biến_V+, Ùi tỏi gà CP - Khay 500G, C.Biến_V+, Ùi tỏi gà CP - Khay 500G, Coupon giảm 50% Thịt, ACK Phở rộn ệ nhất Phở Thập Cẩm Cay 82g, Táo Envy New Zealand 90-110, hải sản, Ùi tỏi gà CP - Khay 500G, hải sản",Ăn uống,synthetic,0.95
"Demo Online Quán Ăn & Quán Nhậu | Sài gòn lager lon, Khăn lạnh",Ăn uống,synthetic,0.95
"Cari Trương | coke, weed, Nem rán thịt, Khoai tây chiên",Ăn uống,synthetic,0.95
"Swing max bò 30g, TaYo X táo ngọt 30g, O&#39;Star táo 30g",Ăn uống,synthetic,0.95
"MINIMART ANAN | đổi vừng siu châu. NT, kẹo sữa alpenliebe 360g NT, Bánh Custas 6p 138g NT, Thạch rau câu Long Hải vị 5 NT, bánh gạo an gói 151g N0, Thạch joy VF hoa quả 800g NT, Bánh Custas 12p NT, kẹo lạc, kẹo chanh muối vitamin c Th N0, kẹo bibica chewgum gói 270g N0",Ăn uống,synthetic,0.95
"sinh tố bơ Avocado smothies, Trà mạn (ice/hot) Viet nam Green tea, Cà phê Vivienne Vivienne coffee, hạt hướng dương Sun flower seeds",Ăn uống,synthetic,0.95
"MART ANAN | Mì omachi sườn 80g NT, pate thịt heo vissan NO, BVS kạo mồng cánh NT, Hộp thịt lợn xay HL 170g NT",Ăn uống,synthetic,0.95
"VinCommerce | GERVENNE ST trắng n.hoa tc sữa dẻ 900g, CP_Bắp giò heo không xương 300g, CLEAR Dầu gội thảo dược 630g, COLGATE KR ngừa sâu răng 250g+bc, VMHOME Sữa RT dưỡng ẩm hương cà phê 500g, CP_Thịt ba rọi có da 300g, CP_Sườn già heo 300g",Ăn uống,synthetic,0.95
MARUKAME UDON & TEMPURA | Tempura Khoai lang,Ăn uống,synthetic,0.95
"Co.opMart XA LO HA NOI | Tao hong Queen NewZealand, Stuoi ttTH it duong goi22, Mi OMACHI tom c.cay 5 sao, Mi OMACHI s.ham n.qua 80g, Mi ktayOMACHI sot spa bo, BCDR P/S long to m.mai, Luoi rua chen bon mua 17x",Ăn uống,synthetic,0.95
"MINIMART ANAN | bánh que oishi akiko160g NO, Mì cốc moder lẩu NT, bánh que mini waf 330g NT",Ăn uống,synthetic,0.95
"Phúc Anh Minimart | Tã Quần Huggie size L68 + 8 miếng, Chupa Chups gấu 24g, SCA Susu IQ dầu chuối 80g",Ăn uống,synthetic,0.95
"MINIMART ANAN | chả viên hương tôm trí thàn NO, Bánh mì ruốc xúc xích kd NT, dg sunsilk natural hoa thiê NO, Xã Comfort 1.6L túi NT, giấy ăn rút ella gói 250 tờ NO, hướng dương 0.4kg NT, Mì chính ajingon 1.8kg NT, nước giặt omo matic cửa trẻ NO",Ăn uống,synthetic,0.95
PARIS LEVAIN | Cappuccino / Cà phê Cappuccino - Hot / Nóng,Ăn uống,synthetic,0.95
Co.op Food | Ca Ro phi kg,Ăn uống,synthetic,0.95
"MART ANAN | pate thịt heo vissan NO, BVS kạo mồng cánh NT, Mì omachi sườn 80g NT, mì omachi bò hầm nấu gói 10 NO, Hộp thịt lợn xay HL 170g NT",Ăn uống,synthetic,0.95
MINIMART ANAN | xúc xích cp 8,Ăn uống,synthetic,0.95
"GO COFFEE | Milo Dầm, Trà lài vải, Sữa tươi đường đen, Lipton gô",Ăn uống,synthetic,0.95
"Co.opmart NGUYEN DINH CHIEU | KDR CloseUp tt bang tuyet, Muoi bienCoop Select tsay, Mien Coop Select thit bam, KDR CloseUp tt bang tuyet, Banh phuc linh MyVan hop1, Dui bittet bo UC kg-VS990, NGK CocaCola lon cao, KDR CloseUp tt bang tuyet",Ăn uống,synthetic,0.95
"Cari Trương | Cơm bò sốt tiêu, weed, coke, Khoai tây chiên, Nem rán thịt",Ăn uống,synthetic,0.95
"Phúc Anh Minimart | TH ít Đường 110ml - Thùng, Tã Quần Huggie size L68 + 8 miếng",Ăn uống,synthetic,0.95
"Công ty XNK Thanh Hà | Dịch vụ dọn dẹp, Bố trí sảnh tiệc",Ăn uống,synthetic,0.95
"VinCommerce | MIWON Rong biển giòn trộn gia vị 50g T20, 518 KG, Tím gà CP 500g, Cải xanh (cải canh) L1 Vineco 18.200/KG x 0, CP_Thịt heo xay 300g",Ăn uống,synthetic,0.95
"BEN NAY RESTAURANT | Saigon export beer, Pineapple, Orange juice without ice, Fried Chicken w/ Fish Sauce, Roasted Shrimp w/ Salt, Pepper, Fried Rice w/ Seafood, French Fries",Ăn uống,synthetic,0.95
"CƠM GÀ BẢO NGỌC | Gà quay lu nhỏ, Rau muống xào 40k, Bia Sài Gòn, Trà sâm dứa ca, Bò ta 99k, Dưa chẻ, Lẩu riêu cua gà truyền thống 279k, Gà rang muối nửa con",Ăn uống,synthetic,0.95
"VinCommerce | sữa uông lên men Yakult 65ml, Giò lụa HNF 300g, OSTAR Snack vị Kim Chi Hàn Quốc 90g(T22), MML_Nac thân heo (S), BIBIGO Kimchi cải thảo cắt lát 500g, Xúc xích Deli Việt Nam Le Gourmet G500g, HẢI CHÂU Bột canh i-ốt Hải châu gối 190g, Mặt hàng, COCA Nước giải khát 330/320ml T24",Ăn uống,synthetic,0.95
"VinCommerce | Tím gà CP 500g, MIWON Rong biển giòn trộn gia vị 50g T20, CP_Thịt heo xay 300g, Cải xanh (cải canh) L1 Vineco 18.200/KG x 0, 518 KG, ARGO Rong biển trộn cơm Argo gói 50g T30",Ăn uống,synthetic,0.95
"CỬA HÀNG NĂM OÁNH | GVS Watersilk 10c ko lõi, Bánh gạo One.one ngọt 230g, Bánh Akiko nhân cafe 160g",Ăn uống,synthetic,0.95
"Co.opmart NGUYEN DINH CHIEU | KDR CloseUp tt bang tuyet, Banh phuc linh MyVan hop1, Muoi bienCoop Select tsay, Banh phuc linh MyVan hop1, Dui bittet bo UC kg-VS990, KDR CloseUp tt bang tuyet, Mien Coop Select thit bam",Ăn uống,synthetic,0.95
"PARIS LEVAIN | Peach Creamcheese Pastry, Latte / Cà phê Latte Cold / Đá",Ăn uống,synthetic,0.95
SIÊU THỊ MINH LOAN | sáp thơm Airbipur hương hoa hồng,Ăn uống,synthetic,0.95
"MINIMART ANAN | quẩy xoắn hàn quốc gói 280g N0, bánh gạo richy to 315g NT",Ăn uống,synthetic,0.95
"TaYo X táo ngọt 30g, O&#39;Star kimchi 30g, O&#39;Star Muối 36g, O&#39;Star táo 30g",Ăn uống,synthetic,0.95
"CÔNG TY CỔ PHẦN ĐẦU TƯ VÀ PHÁT TRIỂN THƯƠNG MẠI AN SƠN | Nước mắm Nam Ngư (QR) 15chai x 900ml, Tương ớt CHIN-SU MB (QR) 3bl x 8chai x 250gr, Tương ớt CHIN-SU MB (QR) 2bl x 6chai x 500gr",Ăn uống,synthetic,0.95
"MINIMART ANAN | Bột làm thạch NT, táo, xoài chabaa NO",Ăn uống,synthetic,0.95
"Nhà hàng Bảo Trang (Cơ sở 1) | Bánh xèo nhật, Dưa muối tổng hợp, Cá hồi NaUy",Ăn uống,synthetic,0.95
"Cari Trương | Cơm bò sốt tiêu, coke, Khoai tây chiên, Nem rán thịt",Ăn uống,synthetic,0.95
"CO.OPMART | KDR P/S BV123 ThanHoatTin, S-Suatt DLcaokhoe cd 24x1, Thanh Long PHiet L1, XCT JumboVape H.hoa lai 6, Quyt duong loai 1 kg, 2BCDR P/S Charcoal than b, NRT Lifebuoy csd tui 450g, GelTaytoiletVIM H.ChanhSa",Ăn uống,synthetic,0.95
"SIÊU THỊ BÁCH HÓA TỔNG HỢP | Hạt nêm chay Knorr nấm hương 380g/16 T2, Bột canh Vifon 200g T40 T2, Patè gan Ha Long 170g T2, Muối hạt sạch DH 999-1Kg/30 gói NT, Hộp đựng kim chỉ 601 NT, Patè gan hảo vi Mai Vàng Vissan 150g T2, Bia Hà Nội lon 330ml T24(vàng) NT, Nước giặt Suby hương ngân hoa can 5m NT",Ăn uống,synthetic,0.95
"CO.OPMART | 2BCDR P/S Charcoal than b, Thanh Long PHiet L1, 2BCDR P/S Charcoal than b, XCT JumboVape H.hoa lai 6, Quyt duong loai 1 kg, KDR P/S BV123 ThanHoatTin, NRT Lifebuoy csd tui 450g, GelTaytoiletVIM H.ChanhSa",Ăn uống,synthetic,0.95
"VinCommerce | 422 KG, 242 KG, Bưởi hồng da xanh túi lưới 65.300/KG x 1, KM, Xúc xích Red tiệt trùng CP (MN) gói 200g, Xúc xích Red tiệt trùng CP (MN) gói 200g, CU tt Fristi h.nho L6 hộpx80ml, KM, Táo Envy NewZealand 90-110 157.500/KG x 0, MARSMALLOWS Kẹo Mega 120g, 950 KG, Mít quả 43.900/KG x 1",Ăn uống,synthetic,0.95
"MINIMART ANAN | xoài chabaa NO, Bột làm thạch NT, táo",Ăn uống,synthetic,0.95
"SIÊU THỊ BÁCH HÓA TỔNG HỢP | Hạt nêm chay Knorr nấm hương 380g/16 T2, Patè gan Ha Long 170g T2, Patè gan hảo vi Mai Vàng Vissan 150g T2, Bộ cốc TT lùn trơn CB001 NT, Bia Hà Nội lon 330ml T24(vàng) NT, Hộp đựng kim chỉ 601 NT, Muối hạt sạch DH 999-1Kg/30 gói NT, Nước giặt Suby hương ngân hoa can 5m NT",Ăn uống,synthetic,0.95
"GO COFFEE | Sữa tươi đường đen, Milo Dầm, Lipton gô, Yaourt dâu",Ăn uống,synthetic,0.95
"VinCommerce | 464 KG, Phô mai lát Sandwich Zott gói 200g, Cải chíp (cải thìa) DL L1 Vineco 34.900/KG x 0, NONGSHIM Mi Shin Ramyun gói 120g, Ken: Strongbow Dark Fruit 330 ml T24, ậu hũ non Bibigo ống Kim’s 220gr, VMH-K.mặt CTCC hồng/xanh 34*75*1079",Ăn uống,synthetic,0.95
"VinCommerce | CP_Móng heo 500g, GERVENNE ST trắng n.hoa tc sữa dẻ 900g, CP_Bắp giò heo không xương 300g, VMHOME Sữa RT dưỡng ẩm hương cà phê 500g, CP_Thịt ba rọi có da 300g, CLEAR Dầu gội thảo dược 630g, CP_Sườn già heo 300g, COLGATE KR ngừa sâu răng 250g+bc",Ăn uống,synthetic,0.95
"VINH NGUYEN RES | Sprite, Coca, Tonic",Ăn uống,synthetic,0.95
"VINH NGUYEN RES | Coca, Soda, Sprite, Tonic",Ăn uống,synthetic,0.95
"CÔNG TY TNHH THƯƠNG MẠI VÀ DỊCH VỤ LANDMARK ONE | Cá Hồi Sa Pa tươi sống, Trâu cháy tiêu xanh, Rau cải luộc chấm trứng, Gà đồi nướng mắc khén, Lợn gác bếp, Măng trúc xào nấm",Ăn uống,synthetic,0.95
"PARIS LEVAIN | Cappuccino / Cà phê Cappuccino - Hot / Nóng, Peach Creamcheese Pastry",Ăn uống,synthetic,0.95
"Co.op Food | Bun Khuong Huy 500g, Chao VIFON vi ga co thit",Ăn uống,synthetic,0.95
MINIMART ANAN | Bột chiên xù NT,Ăn uống,synthetic,0.95
"Nét Huế | Thịt Luộc Chấm Tôm, Bún bò 50. (Noodle), Hến Xúc Bánh Tráng, Chùa., Móng.",Ăn uống,synthetic,0.95
Công ty XNK Thanh Hà | Dịch vụ ăn uống,Ăn uống,synthetic,0.95
"MINH HIỀN VEGETARIAN RESTAURANT | Sauteed Hoi An Special Noodle, 333",Ăn uống,synthetic,0.95
"CÔNG TY TNHH DỊCH VỤ HÀ PHƯƠNG VIỆT NAM | Dầu hào 820g *12 chai, Chiết khấu KMT, NESCAFE Nước cốt cà phê đen 6(5*75ml) MYW, Maggi nước tương đậm đặc 12x700ml NE1, Sữa lúa mạch Nestle Milo 12(4*180ml) Mới, TPBS sữa lúa mạch Nestle milo A2 12(4*110ml)",Ăn uống,synthetic,0.95
"TÔM HÙM BÔNG TỪ 0.7KG < 1KG / CRAYFISH 0.7KG < 1KG, NƯỚC ÉP CHANH DÂY / PASSION FRUIT JUICE, ỐC VÒI VOI / ELEPHANT CLAM, CÀ PHÊ ĐEN - BLACK COFFEE, CÁ CHÌNH / SEA EEL, SINH TỐ XOÀI / THƠM / MANGO / PINEAPPLE SMOOTHIE, SODA XOÀI / MANGO SODA",Ăn uống,synthetic,0.95
"CƠM GÀ BẢO NGỌC | Rau muống xào 40k, Bò ta 99k, Bia Sài Gòn, Ngô chiên, Trà sâm dứa ca, Gà quay lu nhỏ, Gà rang muối nửa con, Dưa chẻ, Lẩu riêu cua gà truyền thống 279k",Ăn uống,synthetic,0.95
"VinCommerce | ACK Phở trộn ệ nhất hương vị Phở bò 84g, VMH-K.mặt CTCC hồng/xanh 34*75*1079, NONGSHIM Mi Shin Ramyun gói 120g, ậu hũ non Bibigo ống Kim’s 220gr, Phô mai lát Sandwich Zott gói 200g, Ken: Strongbow Dark Fruit 330 ml T24, 464 KG, Nấm kim châm VN 150g",Ăn uống,synthetic,0.95
"SIÊU THỊ MINH LOAN | Sữa TH gói ít đường, Bánh mỳ Hoa Cúc 210g",Ăn uống,synthetic,0.95
"Co.opmart NGUYEN DINH CHIEU | KDR CloseUp tt bang tuyet, KDR CloseUp tt bang tuyet, NGK CocaCola lon cao, Muoi bienCoop Select tsay, Dui bittet bo UC kg-VS990, Banh phuc linh MyVan hop1, Mien Coop Select thit bam, KDR CloseUp tt bang tuyet",Ăn uống,synthetic,0.95
"MINIMART ANAN | 4kg, Thạch rau câu Long Hải g?i, ngô nếp tươi sấy gói 160g m",Ăn uống,synthetic,0.95
"trasencodau | Cháo đậu đỏ cá bống, Bít tết",Ăn uống,synthetic,0.95
"MINIMART ANAN | Kem merino super teen NT, kem merino celano trân châu N0",Ăn uống,synthetic,0.95
"O&#39;Star kimchi 30g, Swing max bò 30g, O&#39;Star táo 30g",Ăn uống,synthetic,0.95
"VinCommerce | 950 KG, KM, Bưởi hồng da xanh túi lưới 65.300/KG x 1, Kẹo trái cây SKITTLES 45g, CU tt Fristi h.nho L6 hộpx80ml, 242 KG, Xúc xích Red tiệt trùng CP (MN) gói 200g, Táo Envy NewZealand 90-110 157.500/KG x 0, Xúc xích Red tiệt trùng CP (MN) gói 200g, 422 KG, Mít quả 43.900/KG x 1, KM",Ăn uống,synthetic,0.95
"CỬA HÀNG NĂM OÁNH | Bánh gạo One.one ngọt 230g, GVS Watersilk 10c ko lõi, Bánh gạo mặn One One 225g",Ăn uống,synthetic,0.95
"NHẬU BÌNH DÂN CÁC MÓN HẢI SẢN | Tiger, Tsú",Ăn uống,synthetic,0.95
"Co.opmart NGUYEN DINH CHIEU | KDR CloseUp tt bang tuyet, Banh phuc linh MyVan hop1, NGK CocaCola lon cao, Mien Coop Select thit bam, KDR CloseUp tt bang tuyet, Banh phuc linh MyVan hop1, KDR CloseUp tt bang tuyet",Ăn uống,synthetic,0.95
MINH HIỀN VEGETARIAN RESTAURANT | Sauteed Hoi An Special Noodle,Ăn uống,synthetic,0.95
"VINH NGUYEN RES | Soda, Tonic, Sprite, Coca",Ăn uống,synthetic,0.95
"BEN NAY RESTAURANT | Fried Rice w/ Seafood, Saigon export beer, Pepper, Pineapple, Roasted Shrimp w/ Salt, French Fries, Fried Chicken w/ Fish Sauce, Roasted Pork Ribs w/ Salt",Ăn uống,synthetic,0.95
"CÁ CHÌNH / SEA EEL, SODA XOÀI / MANGO SODA, BIA TƯƠI TIGER 500ml, NƯỚC ÉP CHANH DÂY / PASSION FRUIT JUICE, CÀ PHÊ ĐEN - BLACK COFFEE, SINH TỐ XOÀI / THƠM / MANGO / PINEAPPLE SMOOTHIE, TÔM HÙM BÔNG TỪ 0.7KG < 1KG / CRAYFISH 0.7KG < 1KG",Ăn uống,synthetic,0.95
"Nét Huế | Bún bò 50. (Noodle), Hến Xúc Bánh Tráng, Móng., Bia Hà Nội., Chùa.",Ăn uống,synthetic,0.95
"CO.OPMART | 2BCDR P/S Charcoal than b, XCT JumboVape H.hoa lai 6, NRT Lifebuoy csd tui 450g, Quyt duong loai 1 kg, 2BCDR P/S Charcoal than b, KDR P/S BV123 ThanHoatTin, GelTaytoiletVIM H.ChanhSa, Thanh Long PHiet L1",Ăn uống,synthetic,0.95
"Cari Trương | Nem rán thịt, Bia tươi, weed, coke",Ăn uống,synthetic,0.95
"MINIMART ANAN | Thạch joy VF hoa quả 800g NT, Thạch sữa chua vf, kẹo sữa alpenliebe 360g NT, Thạch rau câu Long Hải vị 5 NT, kẹo lạc, Bánh Custas 12p NT, Bánh Custas 6p 138g NT, bánh gạo an gói 151g N0, kẹo bibica chewgum gói 270g N0, đổi vừng siu châu. NT, kẹo chanh muối vitamin c Th N0",Ăn uống,synthetic,0.95
"MINIMART ANAN | dg sunsilk natural hoa thiê NO, Mì chính ajingon 1.8kg NT, Bột canh hải châu 190g NT, giấy ăn rút ella gói 250 tờ NO, chả viên hương tôm trí thàn NO, Bánh mì ruốc xúc xích kd NT, nước giặt omo matic cửa trẻ NO",Ăn uống,synthetic,0.95
"CÔNG TY TNHH THƯƠNG MẠI VÀ DỊCH VỤ LANDMARK ONE | Lợn gác bếp, Trâu cháy tiêu xanh, Cá Hồi Sa Pa tươi sống, Gà đồi nướng mắc khén, Măng trúc xào nấm",Ăn uống,synthetic,0.95
"Cari Trương | coke, weed, Khoai tây chiên, Bia tươi",Ăn uống,synthetic,0.95
"Co.opMart XA LO HA NOI | Choco KITKAT Greentea 8x1, B.CHOCO-PIE Lotte txanh h, Tao do New Zealand kg, Suatt DLADYcaokhoe cd goi, Tao Fuji Nam Phi kg, SDN FAMI canxi bich 200ml, Thanh Long PThiet L1",Ăn uống,synthetic,0.95
"Gà xào nấm, Xôi ngô, Quả",Ăn uống,synthetic,0.95
TRUNG TÂM BẢO TỒN DI TÍCH CỔ ĐÔ HUẾ | VÉ GIỮ XE Ô TÔ (7 CHỖ TRỞ XUỐNG),Đi lại,manual,1.0
CÔNG TY TNHH VẬN TẢI HÀNH KHÁCH VÀ DU LỊCH PHÚC YÊN | VÉ XE KHÁCH,Đi lại,manual,1.0
"VietNam Airlines | Ticket 7384401870620// XXXVNYYY, Ticket 7382146307935// DADVNSGN, Ticket 7382146307934// DADVNSGN, Ticket 7384401870621// XXXVNYYY",Đi lại,manual,1.0
"Bamboo Airways | Vé máy bay chiều đi, Vé máy bay chiều về",Đi lại,manual,1.0
"Vietnam Airlines | Giá cước (Air fare), Thuế GTGT (Value Added Tax), Thuế khác (Other Tax charge)",Đi lại,auto_verified,0.8
"Cước phí vận chuyển mã, Chiết khấu thương mại giảm giá mã, Phí nền tảng mã",Đi lại,auto_verified,0.8
Petrolimex | Xăng RON95 350.000đ,Đi lại,gemini_synthetic,0.9
Grab | Chuyến xe từ nhà đến công ty,Đi lại,gemini_synthetic,0.9
Mai Linh Taxi | Cước phí từ Q7 về Q10,Đi lại,gemini_synthetic,0.9
Shell | Xăng E5 RON92 40L,Đi lại,gemini_synthetic,0.9
"Garage Minh Anh | Thay dầu nhớt, Lọc dầu",Đi lại,gemini_synthetic,0.9
Trạm BOT Long Thành | Vé qua trạm,Đi lại,gemini_synthetic,0.9
Bãi xe Vincom | Phí giữ xe ô tô 3h,Đi lại,gemini_synthetic,0.9
Be | Chuyến đi 15km,Đi lại,gemini_synthetic,0.9
PV Oil | Dầu diesel B5 50L,Đi lại,gemini_synthetic,0.9
Vinasun Taxi | Tiền taxi sân bay,Đi lại,gemini_synthetic,0.9
"Trung tâm sửa xe Hoàng Gia | Vá lốp xe trước, Bơm hơi",Đi lại,gemini_synthetic,0.9
Petrolimex | Xăng RON95-III 250.000đ,Đi lại,gemini_synthetic,0.9
Gojek | Chuyến xe giao hàng,Đi lại,gemini_synthetic,0.9
Bến xe Chợ Lớn | Vé xe khách tuyến nội thành,Đi lại,gemini_synthetic,0.9
Công ty Vận tải Hà Nội | Vé xe buýt tháng 200.000đ,Đi lại,gemini_synthetic,0.9
"Sửa xe máy Tín Nghĩa | Thay bugi, Rửa xe máy",Đi lại,gemini_synthetic,0.9
Caltex | Xăng RON95 500k,Đi lại,gemini_synthetic,0.9
Grab | Chuyến GrabCar đi bệnh viện,Đi lại,gemini_synthetic,0.9
Trạm rửa xe tự động | Rửa xe ô tô cao cấp,Đi lại,gemini_synthetic,0.9
PV Oil | Dầu DO 30 lít,Đi lại,gemini_synthetic,0.9
Bãi đậu xe sân bay | Phí đỗ xe qua đêm,Đi lại,gemini_synthetic,0.9
Be | Cước phí GoBike 60.000đ,Đi lại,gemini_synthetic,0.9
Mai Linh | Cước taxi Sài Gòn,Đi lại,gemini_synthetic,0.9
Saigon Petro | Xăng 95 30l,Đi lại,gemini_synthetic,0.9
"Garage Thành Đạt | Bảo dưỡng xe định kỳ, Thay lọc gió",Đi lại,gemini_synthetic,0.9
Trạm thu phí cầu Phú Mỹ | Phí cầu đường,Đi lại,gemini_synthetic,0.9
Thế Giới Dầu Nhớt | Mua nhớt Castrol 1.2L,Đi lại,gemini_synthetic,0.9
Petrolimex | Xăng E5 450k,Đi lại,gemini_synthetic,0.9
Xăng RON95 10 lít,Đi lại,gemini_synthetic,0.9
Vé xe buýt lượt,Đi lại,gemini_synthetic,0.9
Phí gửi xe máy 2h,Đi lại,gemini_synthetic,0.9
"Vá lốp xe máy, Bơm xe",Đi lại,gemini_synthetic,0.9
Thay nhớt xe số,Đi lại,gemini_synthetic,0.9
Cước taxi từ bến xe,Đi lại,gemini_synthetic,0.9
Phí cầu đường 25k,Đi lại,gemini_synthetic,0.9
Rửa xe máy sạch sẽ,Đi lại,gemini_synthetic,0.9
Grab,Đi lại,gemini_synthetic,0.9
Petrolimex,Đi lại,gemini_synthetic,0.9
Mai Linh Taxi,Đi lại,gemini_synthetic,0.9
Trạm đăng kiểm xe cơ giới,Đi lại,gemini_synthetic,0.9
Petrolimex | Xăng RON95 350K,Đi lại,gemini_synthetic,0.9
Grab | Cước phí chuyến đi Quận 1-Bình Thạnh,Đi lại,gemini_synthetic,0.9
Mai Linh Taxi | Chuyến xe Sân bay TSN về Quận 3,Đi lại,gemini_synthetic,0.9
Bãi xe Vincom | Phí giữ xe máy 5 giờ,Đi lại,gemini_synthetic,0.9
Shell | Dầu diesel B5 50L,Đi lại,gemini_synthetic,0.9
"Be | Đi chợ Gò Vấp, phí 45.000đ",Đi lại,gemini_synthetic,0.9
Sửa xe Tín Phát | Thay dầu nhớt xe Airblade,Đi lại,gemini_synthetic,0.9
Trạm BOT Long Thành | Vé lượt xe con,Đi lại,gemini_synthetic,0.9
Vinasun Taxi | Từ ga Sài Gòn về khách sạn 120.000 VNĐ,Đi lại,gemini_synthetic,0.9
PV Oil | Xăng E5 RON92 7.5 lít,Đi lại,gemini_synthetic,0.9
Hầm gửi xe Aeon Mall | Phí đậu ô tô 3 tiếng,Đi lại,gemini_synthetic,0.9
"Gojek | Đón ở Landmark 81, đến Nguyễn Huệ",Đi lại,gemini_synthetic,0.9
Rửa xe Sạch Nhanh | Rửa xe máy + hút bụi,Đi lại,gemini_synthetic,0.9
Petrolimex | 500k xăng RON95,Đi lại,gemini_synthetic,0.9
Grab | Phí di chuyển từ ĐH Bách Khoa đến KTX,Đi lại,gemini_synthetic,0.9
Bãi giữ xe bệnh viện | Phí xe máy 2 lượt,Đi lại,gemini_synthetic,0.9
Caltex | Xăng A95 đổ đầy bình,Đi lại,gemini_synthetic,0.9
Mai Linh Taxi | Chuyến công tác Quận 7 - Q1,Đi lại,gemini_synthetic,0.9
Sửa xe máy Anh Khoa | Vá lốp sau xe Vision,Đi lại,gemini_synthetic,0.9
Trạm thu phí cầu Phú Mỹ | Vé qua trạm,Đi lại,gemini_synthetic,0.9
"Be | Đặt xe đi làm, phí 38k",Đi lại,gemini_synthetic,0.9
Saigon Petro | Xăng 95 400.000 VNĐ,Đi lại,gemini_synthetic,0.9
Hầm xe chung cư | Giữ ô tô qua đêm,Đi lại,gemini_synthetic,0.9
Gojek | Đưa đón từ Thủ Đức về Sài Gòn,Đi lại,gemini_synthetic,0.9
Sửa chữa xe máy Phúc Thịnh | Thay lốp trước xe Vespa,Đi lại,gemini_synthetic,0.9
Petrolimex | Xăng A92 12 lít,Đi lại,gemini_synthetic,0.9
Grab | Chuyến đi công tác Tân Bình - Q2,Đi lại,gemini_synthetic,0.9
Bãi đỗ xe sân bay | Phí đậu xe ô tô 2 ngày,Đi lại,gemini_synthetic,0.9
"Xăng RON95, rửa xe máy",Đi lại,gemini_synthetic,0.9
"Cước taxi về nhà, 75.000đ",Đi lại,gemini_synthetic,0.9
"Vé xe buýt tuyến 08, phí giữ xe máy",Đi lại,gemini_synthetic,0.9
"Thay dầu nhớt, bơm lốp xe",Đi lại,gemini_synthetic,0.9
Phí đậu ô tô qua đêm,Đi lại,gemini_synthetic,0.9
Vé qua trạm BOT cao tốc Long Thành,Đi lại,gemini_synthetic,0.9
Xăng E5 RON92 100k,Đi lại,gemini_synthetic,0.9
"Vá xe lốp trước, vệ sinh sên",Đi lại,gemini_synthetic,0.9
Petrolimex | Xăng E5 RON92 15.5 lít,Đi lại,gemini_synthetic,0.9
Grab | Cước phí chuyến xe từ Tân Bình đến Q1,Đi lại,gemini_synthetic,0.9
"Thay lọc gió, Vệ sinh buồng đốt, Thay dầu máy xe",Đi lại,gemini_synthetic,0.9
Bãi giữ xe Aeon Mall Tân Phú | Phí giữ xe ô tô 3 tiếng,Đi lại,gemini_synthetic,0.9
Shell | Dầu diesel B5 30l,Đi lại,gemini_synthetic,0.9
Mai Linh Taxi | Cước taxi từ sân bay về quận 7,Đi lại,gemini_synthetic,0.9
"Vé qua trạm BOT Long Thành, Phí cầu Phú Mỹ",Đi lại,gemini_synthetic,0.9
"Gara Sài Gòn | Vá lốp trước, Rửa xe máy",Đi lại,gemini_synthetic,0.9
"Vé xe buýt tháng, Nạp tiền thẻ xe buýt",Đi lại,gemini_synthetic,0.9
PV Oil | 10 lít xăng RON95,Đi lại,gemini_synthetic,0.9
Vinasun Taxi,Đi lại,gemini_synthetic,0.9
Grab | Chuyến xe 4 chỗ từ Sân bay Tân Sơn Nhất về nhà,Đi lại,gemini_synthetic,0.9
"Xăng RON95 10L, rửa xe máy",Đi lại,gemini_synthetic,0.9
"Vé xe buýt tuyến 03, phí gửi xe",Đi lại,gemini_synthetic,0.9
"Phí đậu ô tô 2h, vé cầu đường",Đi lại,gemini_synthetic,0.9
"Thay nhớt xe số, vá lốp sau",Đi lại,gemini_synthetic,0.9
Cước phí di chuyển 3km,Đi lại,gemini_synthetic,0.9
Dầu diesel B5 25 lít,Đi lại,gemini_synthetic,0.9
"Vé xe khách SG-ĐL, phí hành lý",Đi lại,gemini_synthetic,0.9
Bảo dưỡng xe định kỳ,Đi lại,gemini_synthetic,0.9
Bãi giữ xe sân bay,Đi lại,gemini_synthetic,0.9
Trạm thu phí BOT Trung Lương,Đi lại,gemini_synthetic,0.9
"Grab | Chuyến xe 5km, phụ phí giờ cao điểm",Đi lại,gemini_synthetic,0.9
PV Oil | Xăng E5 RON92 15L,Đi lại,gemini_synthetic,0.9
"Shell | Dầu diesel, nước làm mát",Đi lại,gemini_synthetic,0.9
Vinasun Taxi | Cước phí từ Sân bay về Quận 1,Đi lại,gemini_synthetic,0.9
Bãi xe Vincom | Phí gửi xe máy 3 tiếng,Đi lại,gemini_synthetic,0.9
Gojek | Đơn hàng GoRide 15k,Đi lại,gemini_synthetic,0.9
"Sửa xe Minh | Thay lốp trước, vá săm",Đi lại,gemini_synthetic,0.9
Trạm BOT An Sương | Vé qua trạm xe con,Đi lại,gemini_synthetic,0.9
"Be | Chuyến xe 7km, tiền tip",Đi lại,gemini_synthetic,0.9
Saigon Petro | Xăng A95 7.5 lít,Đi lại,gemini_synthetic,0.9
"Garage Phương | Thay dầu phanh, vệ sinh lọc gió",Đi lại,gemini_synthetic,0.9
Công ty TNHH Vận tải Thành Bưởi | Vé xe Sài Gòn - Đà Lạt,Đi lại,gemini_synthetic,0.9
"Caltex | Xăng RON 95, kiểm tra lốp",Đi lại,gemini_synthetic,0.9
Bãi xe Nguyễn Huệ | Phí đậu xe ô tô 4h,Đi lại,gemini_synthetic,0.9
Petrolimex | Xăng 95 20l,Đi lại,gemini_synthetic,0.9
Grab | Chuyến đi Q2-Q9,Đi lại,gemini_synthetic,0.9
Mai Linh | Tiền xe từ bệnh viện về nhà,Đi lại,gemini_synthetic,0.9
"Sửa xe máy Long | Vá xe thủng, bơm lốp",Đi lại,gemini_synthetic,0.9
Trạm BOT Biên Hòa | Phí đường bộ xe 4 chỗ,Đi lại,gemini_synthetic,0.9
Be | Cước phí di chuyển 12km,Đi lại,gemini_synthetic,0.9
PV Oil | Xăng E5 10 lít,Đi lại,gemini_synthetic,0.9
Vinasun | Xe 7 chỗ sân bay,Đi lại,gemini_synthetic,0.9
Bãi xe Lotte Mart | Gửi xe máy,Đi lại,gemini_synthetic,0.9
"Gojek | Đi chợ X, 20k",Đi lại,gemini_synthetic,0.9
Petrolimex Sài Gòn | Xăng RON95 50.000đ,Đi lại,gemini_synthetic,0.9
"Garage Hiếu | Kiểm tra phanh, thay bugi",Đi lại,gemini_synthetic,0.9
Phương Trang FUTA Bus Lines | Vé xe khách Cần Thơ - TP.HCM,Đi lại,gemini_synthetic,0.9
Trạm thu phí Quốc lộ 1A | Phí đường bộ xe tải,Đi lại,gemini_synthetic,0.9
Petrolimex | Xăng RON95 500k,Đi lại,gemini_synthetic,0.9
"Grab | Cước xe từ Sân bay TSN về Q1, Phí đường bộ",Đi lại,gemini_synthetic,0.9
Bãi xe Vincom | Phí giữ xe máy 3h,Đi lại,gemini_synthetic,0.9
Shell | Xăng E5 RON92 15L,Đi lại,gemini_synthetic,0.9
Mai Linh Taxi | Chuyến đi Nguyễn Trãi - Lê Lợi,Đi lại,gemini_synthetic,0.9
Gojek | Đặt xe máy từ nhà đến văn phòng,Đi lại,gemini_synthetic,0.9
"Sửa xe Tấn Phát | Vá lốp trước, Thay săm",Đi lại,gemini_synthetic,0.9
Trạm BOT An Sương | Vé qua trạm BOT,Đi lại,gemini_synthetic,0.9
Be | Chuyến xe từ Bệnh viện đến nhà,Đi lại,gemini_synthetic,0.9
PV Oil | Xăng A95 450.000đ,Đi lại,gemini_synthetic,0.9
Bãi đỗ xe Lotte Mart | Phí đậu ô tô 2h,Đi lại,gemini_synthetic,0.9
"Petrolimex | Xăng RON95 6.5L, Dầu nhớt 1L",Đi lại,gemini_synthetic,0.9
Vinasun Taxi | Cước phí từ Q1 sang Q7,Đi lại,gemini_synthetic,0.9
"Gara Hùng Cường | Thay dầu nhớt xe máy, Rửa xe",Đi lại,gemini_synthetic,0.9
Caltex | Dầu Diesel B5 20L,Đi lại,gemini_synthetic,0.9
Bãi xe bệnh viện | Phí giữ xe ô tô 5 tiếng,Đi lại,gemini_synthetic,0.9
Mipec Petrol | Xăng 95 300.000đ,Đi lại,gemini_synthetic,0.9
"Grab | Chuyến đi sân bay, Phí cầu đường",Đi lại,gemini_synthetic,0.9
"Sửa xe Mạnh Tiến | Kiểm tra phanh, Bơm lốp",Đi lại,gemini_synthetic,0.9
Saigon Petro | Xăng E5 10L,Đi lại,gemini_synthetic,0.9
Be | Cước xe đi làm,Đi lại,gemini_synthetic,0.9
Trạm thu phí Long Thành | Vé qua trạm thu phí,Đi lại,gemini_synthetic,0.9
Bãi xe Aeon Mall | Vé gửi xe máy,Đi lại,gemini_synthetic,0.9
Thế Giới Lốp | Thay lốp sau xe ô tô,Đi lại,gemini_synthetic,0.9
Petrolimex | Xăng A95 7.2 lít,Đi lại,gemini_synthetic,0.9
"Grab | Đặt xe 4 chỗ, Phí chờ",Đi lại,gemini_synthetic,0.9
"Sửa xe máy Anh Tuấn | Thay bugi, Vệ sinh lọc gió",Đi lại,gemini_synthetic,0.9
Hầm Thủ Thiêm | Phí qua hầm,Đi lại,gemini_synthetic,0.9
Xăng RON95 5L,Đi lại,gemini_synthetic,0.9
Cước chuyến đi công tác,Đi lại,gemini_synthetic,0.9
Vé xe buýt tháng 1,Đi lại,gemini_synthetic,0.9
"Phí giữ xe máy, Vá lốp",Đi lại,gemini_synthetic,0.9
"Thay dầu động cơ, Lọc dầu",Đi lại,gemini_synthetic,0.9
Xăng A92 350k,Đi lại,gemini_synthetic,0.9
Phí đậu xe ô tô qua đêm,Đi lại,gemini_synthetic,0.9
Trạm BOT,Đi lại,gemini_synthetic,0.9
Cước taxi về nhà,Đi lại,gemini_synthetic,0.9
Vé xe buýt tuyến 08,Đi lại,gemini_synthetic,0.9
"Thay nhớt xe máy, vá lốp",Đi lại,gemini_synthetic,0.9
Phí gửi xe qua đêm,Đi lại,gemini_synthetic,0.9
Đổ dầu diesel 20l,Đi lại,gemini_synthetic,0.9
Trạm thu phí Long Thành,Đi lại,gemini_synthetic,0.9
Petrolimex | Xăng E5 RON92 35.000đ,Đi lại,gemini_synthetic,0.9
Grab | Cước grabbike đi làm,Đi lại,gemini_synthetic,0.9
Bãi xe Vincom | Phí giữ xe máy,Đi lại,gemini_synthetic,0.9
PVOIL | Xăng A95 50.000 vnd,Đi lại,gemini_synthetic,0.9
Be | Chuyến beCar từ sân bay,Đi lại,gemini_synthetic,0.9
Gara Minh Anh | Thay dầu nhớt xe Fortuner,Đi lại,gemini_synthetic,0.9
Vinasun Taxi | Cước phí từ Sân bay TSN về Q.Bình Thạnh,Đi lại,gemini_synthetic,0.9
Trạm BOT Trung Lương | Vé qua trạm,Đi lại,gemini_synthetic,0.9
Sửa xe Tấn Phát | Vá lốp trước xe Wave,Đi lại,gemini_synthetic,0.9
Saigon Petro | Đổ xăng RON95 5.5L,Đi lại,gemini_synthetic,0.9
Gojek | Cước go-car,Đi lại,gemini_synthetic,0.9
Mai Linh Taxi | Di chuyển từ Hà Nội đi Bắc Ninh,Đi lại,gemini_synthetic,0.9
Bãi xe ngầm Vincom | Phí đậu ô tô 3 giờ,Đi lại,gemini_synthetic,0.9
Caltex | Xăng A95 60k,Đi lại,gemini_synthetic,0.9
Yamaha Town | Bảo dưỡng định kỳ xe Janus,Đi lại,gemini_synthetic,0.9
PV Oil | Xăng RON95 20 lít,Đi lại,gemini_synthetic,0.9
Be | Cước chuyến xe beBike,Đi lại,gemini_synthetic,0.9
Trạm đăng kiểm 50-03V | Phí đăng kiểm ô tô,Đi lại,gemini_synthetic,0.9
Taxi OpenDoor | Chi phí đi từ Quận 12 đến Phú Nhuận,Đi lại,gemini_synthetic,0.9
Cửa hàng phụ tùng xe máy | Thay bugi xe Airblade,Đi lại,gemini_synthetic,0.9
"Petrolimex | Xăng RON 95, 2 lít",Đi lại,gemini_synthetic,0.9
"Grab | Cước grab car, 7km",Đi lại,gemini_synthetic,0.9
"Bảo dưỡng xe Phát Đạt | Rửa xe máy, bơm lốp",Đi lại,gemini_synthetic,0.9
Petrolimex | Xăng RON95 5.5L,Đi lại,gemini_synthetic,0.9
Grab | Chuyến đi từ Q1 đến Q3,Đi lại,gemini_synthetic,0.9
"Vá lốp xe máy, bơm hơi",Đi lại,gemini_synthetic,0.9
Mai Linh Taxi | Cước phí từ nhà ra sân bay,Đi lại,gemini_synthetic,0.9
Bãi xe BigC Thăng Long | Phí gửi xe ô tô 3h,Đi lại,gemini_synthetic,0.9
Be | Xe ôm đi chợ Tân Định,Đi lại,gemini_synthetic,0.9
"Thay dầu nhớt động cơ, rửa xe",Đi lại,gemini_synthetic,0.9
Trạm BOT Cai Lậy | Vé lượt qua trạm,Đi lại,gemini_synthetic,0.9
Petrolimex | Xăng E5 RON92 40.000đ,Đi lại,gemini_synthetic,0.9
Vé xe buýt tuyến 01,Đi lại,gemini_synthetic,0.9
Shell | Dầu diesel B5 12 lít,Đi lại,gemini_synthetic,0.9
Gojek | Đón tại đường CMT8,Đi lại,gemini_synthetic,0.9
Bãi đỗ xe Hầm chung cư | Phí giữ xe máy tháng 11,Đi lại,gemini_synthetic,0.9
Vinasun Taxi | Cước phí từ Q.Bình Thạnh về Q.Gò Vấp,Đi lại,gemini_synthetic,0.9
"Thay nhớt xe số, kiểm tra thắng",Đi lại,gemini_synthetic,0.9
Grab | GrabCar từ Sân Bay về Q1,Đi lại,gemini_synthetic,0.9
PV Oil | Xăng A95-III 7.2L,Đi lại,gemini_synthetic,0.9
Bến xe Mỹ Đình | Vé xe khách Hà Đông,Đi lại,gemini_synthetic,0.9
"Rửa xe hơi, đánh bóng lốp",Đi lại,gemini_synthetic,0.9
"Honda Head | Bảo dưỡng định kỳ, thay lọc gió",Đi lại,gemini_synthetic,0.9
Saigon Petro | Xăng Ron 95 3.8 lít,Đi lại,gemini_synthetic,0.9
Phí đậu xe máy 4h,Đi lại,gemini_synthetic,0.9
Mai Linh Taxi | Chuyến đi công tác nội thành,Đi lại,gemini_synthetic,0.9
Trạm thu phí cầu Phú Mỹ | Vé qua cầu,Đi lại,gemini_synthetic,0.9
"Thay lốp trước xe đạp điện, sửa phanh",Đi lại,gemini_synthetic,0.9
Grab | Chuyến xe 4 chỗ từ nhà đến cơ quan,Đi lại,gemini_synthetic,0.9
Caltex | Xăng A92 30.000đ,Đi lại,gemini_synthetic,0.9
Vé xe buýt tháng,Đi lại,gemini_synthetic,0.9
Bãi giữ xe bệnh viện Nhi Đồng | Phí gửi ô tô,Đi lại,gemini_synthetic,0.9
Gojek | GrabBike đi siêu thị,Đi lại,gemini_synthetic,0.9
Petrolimex | Xăng RON95 25L,Đi lại,gemini_synthetic,0.9
"Cước phí GrabBike, phí bãi đỗ xe máy",Đi lại,gemini_synthetic,0.9
Shell Việt Nam | Dầu diesel B5 20L,Đi lại,gemini_synthetic,0.9
"Vé xe buýt tháng 9, Phí giữ xe máy khu A",Đi lại,gemini_synthetic,0.9
CÔNG TY TNHH VẬN TẢI DU LỊCH KHÁNH PHONG | VÉ XE KHÁCH LƯỢT,Đi lại,synthetic,0.95
"CÔNG TY TNHH XYZ | Số vé 46455690 - Chuyến bay VJ512 - Hành trình DAD-HAN, Số vé 46455691 - Chuyến bay VJ512 - Hành trình DAD-HAN",Đi lại,synthetic,0.95
CÔNG TY XĂNG DẦU KHU VỰC I - CÔNG TY TNHH MỘT THÀNH VIÊN | DO 0.05S-II,Đi lại,synthetic,0.95
"TAXI XANH SM | Biển số/Number Plates, Tổng tiền/Total",Đi lại,synthetic,0.95
"HONDA | SON CẦN TRƯỚC PHẢI, Giảm trừ khách hàng BKS: 62 A10200",Đi lại,synthetic,0.95
Công Ty Cổ Phần Vận Tải Tp.hcm | Vé Xe Buýt,Đi lại,synthetic,0.95
XANH SM | Cước phí vận chuyển mã 01KFFQ9F3K5HRRWH30P57EMTPY,Đi lại,synthetic,0.95
"CÔNG TY TNHH GRABTAXI | Cước phí vận chuyển GrabBike (Đính kèm bằng kê số 0023730 ngày 31/07/2017), Cước phí vận chuyển GrabCar (Đính kèm bằng kê số 0023730 ngày 31/07/2017)",Đi lại,synthetic,0.95
VINASUN CTY CP ÁNH DƯƠNG VN | Đi xe buýt,Đi lại,synthetic,0.95
CÔNG TY CP HOÀNG LONG | VÉ XE KHÁCH,Đi lại,synthetic,0.95
Công ty xăng dầu Điện Biên | Xăng E5 RON 92-II,Đi lại,synthetic,0.95
"Cước phí vận chuyển mã, Phí nền tảng mã",Đi lại,synthetic,0.95
CÔNG TY TNHH CHO THUÊ XE | Cước phí thuê xe từ ngày 18/06/2018 đến ngày 31/07/2018,Đi lại,synthetic,0.95
"TỔNG CÔNG TY ĐẦU TƯ PHÁT TRIỂN ĐƯỜNG CAO TỐC VIỆT NAM - Cty TNHH MTV | VEC, MPC",Đi lại,synthetic,0.95
"Chiết khấu thương mại giảm giá mã, Phí nền tảng mã",Đi lại,synthetic,0.95
"CÔNG TY TNHH GIAO NHẬN VÀ VẬN TẢI MINH VIỆT | Cân xe: Trọng lượng cân lần 1 (1st Weight), Trọng lượng cân lần 2 (2nd weight)",Đi lại,synthetic,0.95
"CÔNG TY TNHH MỘT THÀNH VIÊN BẾN XE MIỀN ĐÔNG | Dịch vụ xe qua bến, Dịch vụ đậu đêm",Đi lại,synthetic,0.95
XANH SM | Cước phí vận chuyển mã 01KDKA149GPAFN2ZN24RVZZ7GC,Đi lại,synthetic,0.95
CÔNG TY XĂNG DẦU THANH HÓA | DO 0.001S-V,Đi lại,synthetic,0.95
TRUNG TÂM BẢO HÀNH CÔNG TY LÊ BẢO MINH | Thay main,Mua sắm,manual,1.0
"Đinh Thị Mai Hòa | Chăn lưới dây IQ, Gối cháu",Mua sắm,manual,1.0
"CÔNG TY CỔ PHẦN GM THĂNG LONG | Xe ô tô GM Chevrolet CRUZE KL1-JNB11/CD5-1, 05 Chỗ ngồi, màu Đen (831), dung tích xy lanh 1796 Cm3, mới 100%",Mua sắm,manual,1.0
"Co.opMart NGUYEN DINH CHIEU | Kem Wall's Soco H.Nhan 75, Ha cao VISSAN 250g, Ha cao VISSAN 250g, Xuc xich trung muoi G FED, Lap xuong tuoi LC 500g, SCU TH Yogurt caramen 170, Banh da cua HOANGGIA 120g, DG CLEAR ml bha skhoa1630, KX/DXDoveOXYMOISTUREdtbb, KDR CloseUp Bacha230g+BCD",Mua sắm,manual,1.0
"TỔNG CÔNG TY CỔ PHẦN MAY VIỆT TIẾN | SOMI 1E2062BT3/ L2V (BLACK), SOMI 1E2367BT6/ L3V, SOMI 1E2406BT4/ L4V",Mua sắm,manual,1.0
"VinCommerce | X-MEN Tắm gội 2in1wood 650g, OXY Kem rửa mặt tác động sâu 100g, X-MEN Sáp vuốt tóc boss spiky 70g",Mua sắm,manual,1.0
"CTY TNHH MTV A CHÂU | GE125, KCK30",Mua sắm,auto_verified,0.8
"Electronics 555 | XR-55A80L, HT-S2000, WH-1000XM5",Mua sắm,auto_verified,0.8
"CASE STUDY | 3 miếng mặt nạ HA - Hồng, Váy xếp ly - Đen - S, Váy hoa vintage, máy tẩy da chết",Mua sắm,auto_verified,0.8
"CÔNG TY TNHH CÔNG NGHỆ FIXCAR VIỆT NAM | Camera sau Model Speed Map M1, Camera quan sát ghi hình ảnh, Model Speed Map M1, Thẻ nhớ 64GB Micro (A2 V30)",Mua sắm,auto_verified,0.8
"UNIQLO | AO THUN, AO THUN, AO Sd-MI, AO THUN, Sản phẩm lẻ, QUAN DAI, QUAN SHORT, DAM PONTE, DAM RAYON",Mua sắm,auto_verified,0.8
"DG Rejoice Ngăn rụng,SM 650 NT, ST Thebol 650g NT, NRC sunlight chanh 400ml NT, Sữa chua đường VNM 100g NT, sữa chua nếp cẩm vnm NO, Bánh mì tươi sữa và siêu mễ NT, kẹo Alpenliebe gói 120g NT, bánh mì nho dừa NO, BVS Diana dày cánh NT, bvs diana siêu thấm cool fr NO",Mua sắm,auto_verified,0.8
"Uniqlo | Áo thun Heattech size M, Quần jogger nam",Mua sắm,gemini_synthetic,0.9
"Thế Giới Di Động | Samsung Galaxy A55 5G, Tai nghe Bluetooth Anker",Mua sắm,gemini_synthetic,0.9
"Guardian | Kem dưỡng ẩm Neutrogena, Son dưỡng Vaseline, Bông tẩy trang",Mua sắm,gemini_synthetic,0.9
"Zara | Váy maxi họa tiết, Túi xách đeo chéo",Mua sắm,gemini_synthetic,0.9
"H&M | Áo khoác denim nữ, Quần skinny jeans",Mua sắm,gemini_synthetic,0.9
"FPT Shop | iPhone 15 Pro Max 256GB, Sạc nhanh 20W",Mua sắm,gemini_synthetic,0.9
"Canifa | Áo len cổ lọ nam, Quần kaki co giãn",Mua sắm,gemini_synthetic,0.9
"Hasaki | Serum Vitamin C Timeless, Nước tẩy trang Bioderma",Mua sắm,gemini_synthetic,0.9
"Điện Máy Xanh | Máy giặt Electrolux 9kg, Lò vi sóng Sharp",Mua sắm,gemini_synthetic,0.9
"Routine | Áo sơ mi linen, Quần short kaki",Mua sắm,gemini_synthetic,0.9
"Owen | Cà vạt lụa, Áo sơ mi công sở trắng",Mua sắm,gemini_synthetic,0.9
"NEM | Bộ đầm dự tiệc, Khăn choàng lụa",Mua sắm,gemini_synthetic,0.9
"CellphoneS | iPad Air 5, Bao da Smart Folio",Mua sắm,gemini_synthetic,0.9
"Con Cưng | Bỉm Merries size L, Sữa tắm gội Pigeon",Mua sắm,gemini_synthetic,0.9
"Fahasa | Sách ""Đắc nhân tâm"", Bút bi Thiên Long",Giáo dục,gemini_synthetic,0.9
"PNJ | Nhẫn vàng 18K, Dây chuyền bạc",Mua sắm,gemini_synthetic,0.9
"Lock&Lock | Bình giữ nhiệt 500ml, Hộp cơm thuỷ tinh",Mua sắm,gemini_synthetic,0.9
"Daiso | Giỏ đựng đồ mini, Kẹp tóc nhiều màu",Mua sắm,gemini_synthetic,0.9
"Miniso | Loa Bluetooth hình mèo, Gối tựa cổ du lịch",Mua sắm,gemini_synthetic,0.9
"Watsons | Kem chống nắng Anessa, Mặt nạ Innisfree",Mua sắm,gemini_synthetic,0.9
"Nguyễn Kim | TV Samsung Crystal UHD 55 inch, Giá treo TV",Mua sắm,gemini_synthetic,0.9
"IVY moda | Áo blazer nữ, Quần tây ống rộng",Mua sắm,gemini_synthetic,0.9
"JUNO | Giày cao gót màu nude, Túi tote da",Mua sắm,gemini_synthetic,0.9
"AEON Wellness | Dầu gội Tsubaki, Dầu xả Rejoice",Mua sắm,gemini_synthetic,0.9
"MWC | Dép lê quai ngang, Giày bệt nữ",Mua sắm,gemini_synthetic,0.9
"Tiki | Ổ cứng SSD Kingston 500GB, Chuột gaming Logitech",Mua sắm,gemini_synthetic,0.9
"Shopee | Đèn LED kẹp bàn, Bộ dụng cụ sửa chữa điện thoại",Mua sắm,gemini_synthetic,0.9
"Maison Online | Nước hoa Chanel Coco Mademoiselle, Kem dưỡng tay L'Occitane",Mua sắm,gemini_synthetic,0.9
"Bột giặt OMO Matic 2.7kg, Nước xả Comfort",Mua sắm,gemini_synthetic,0.9
"Gối ôm cao su thiên nhiên, Ga trải giường cotton",Mua sắm,gemini_synthetic,0.9
"Đồ chơi xếp hình Lego Technic, Xe điều khiển từ xa",Mua sắm,gemini_synthetic,0.9
"Bộ dao làm bếp Zwilling, Thớt gỗ sồi",Mua sắm,gemini_synthetic,0.9
"Kem nền Maybelline Fit Me, Kẻ mắt nước Lilybyred",Mua sắm,gemini_synthetic,0.9
"Tai nghe không dây Sony WF-1000XM4, Ốp lưng iPhone",Mua sắm,gemini_synthetic,0.9
"Nến thơm Yankee Candle mùi vani, Tinh dầu khuếch tán",Mua sắm,gemini_synthetic,0.9
"Bộ cọ trang điểm BH Cosmetics, Bông mút Real Techniques",Mua sắm,gemini_synthetic,0.9
The Face Shop,Mua sắm,gemini_synthetic,0.9
Decathlon,Mua sắm,gemini_synthetic,0.9
Guardian,Mua sắm,gemini_synthetic,0.9
Lixibox,Mua sắm,gemini_synthetic,0.9
"Uniqlo | Áo khoác lông vũ siêu nhẹ, Quần jean ống rộng",Mua sắm,gemini_synthetic,0.9
Thế Giới Di Động,Mua sắm,gemini_synthetic,0.9
"Zara | Đầm bodycon, Giày cao gót, Túi xách mini",Mua sắm,gemini_synthetic,0.9
"FPT Shop | iPhone 15 Pro Max 256GB, Apple Watch Series 9",Mua sắm,gemini_synthetic,0.9
"Áo sơ mi trắng, Quần tây đen, Thắt lưng da",Mua sắm,gemini_synthetic,0.9
"Điện Máy Xanh | Tivi Samsung 55 inch, Máy giặt Electrolux 9kg",Mua sắm,gemini_synthetic,0.9
"Canifa | Áo len cổ lọ, Quần kaki nam",Mua sắm,gemini_synthetic,0.9
H&M,Mua sắm,gemini_synthetic,0.9
"Routine | Áo polo nam, Quần short kaki",Mua sắm,gemini_synthetic,0.9
"Bột giặt Omo Matic 3kg, Nước xả vải Comfort, Nước rửa chén Sunlight",Mua sắm,gemini_synthetic,0.9
"Owen | Áo sơ mi công sở, Cà vạt lụa",Mua sắm,gemini_synthetic,0.9
"NEM | Váy công sở, Chân váy chữ A",Mua sắm,gemini_synthetic,0.9
"The Body Shop | Sữa dưỡng thể trà xanh, Tẩy tế bào chết dừa",Mua sắm,gemini_synthetic,0.9
"Watsons | Serum Vitamin C Timeless, Kem mắt RoC",Mua sắm,gemini_synthetic,0.9
"Bỉm Merries size L, Sữa Morinaga số 2",Mua sắm,gemini_synthetic,0.9
"Con Cưng | Bỉm Goon jumbo L50, Sữa Enfagrow A+ số 3",Mua sắm,gemini_synthetic,0.9
"Kids Plaza | Xe đẩy trẻ em Combi, Ghế ăn dặm",Mua sắm,gemini_synthetic,0.9
"PNJ | Nhẫn vàng trắng đính kim cương, Dây chuyền bạc Ý",Mua sắm,gemini_synthetic,0.9
"DOJI | Lắc tay vàng 18K, Bông tai ngọc trai",Mua sắm,gemini_synthetic,0.9
"Sách ""Đắc nhân tâm"", Bút bi Bến Nghé, Sổ tay A5",Giáo dục,gemini_synthetic,0.9
"Fahasa | Tiểu thuyết ""Mắt biếc"", Sách học tiếng Anh",Giáo dục,gemini_synthetic,0.9
"Daiso | Hộp đựng đồ đa năng, Khăn lau bếp",Mua sắm,gemini_synthetic,0.9
"Miniso | Gấu bông dễ thương, Bình nước giữ nhiệt",Mua sắm,gemini_synthetic,0.9
"Lock&Lock | Bộ hộp cơm văn phòng, Bình giữ nhiệt",Mua sắm,gemini_synthetic,0.9
"Coolmate | Quần lót boxer, Áo ba lỗ thể thao",Mua sắm,gemini_synthetic,0.9
"Tai nghe bluetooth Sony, Loa di động JBL",Mua sắm,gemini_synthetic,0.9
"YODY | Áo phông co giãn, Quần short kaki",Mua sắm,gemini_synthetic,0.9
"An Phước | Bộ veston nam, Áo sơ mi công sở",Mua sắm,gemini_synthetic,0.9
"Việt Tiến | Áo sơ mi nam dài tay, Quần âu công sở",Mua sắm,gemini_synthetic,0.9
"Mắt Kính Sài Gòn | Kính cận gọng titan, Kính râm Polaroid",Mua sắm,gemini_synthetic,0.9
"Juno | Giày búp bê, Túi đeo chéo",Mua sắm,gemini_synthetic,0.9
"Vascara | Giày cao gót đế vuông, Ví cầm tay",Mua sắm,gemini_synthetic,0.9
"Kem chống nắng Anessa, Son MAC Ruby Woo",Mua sắm,gemini_synthetic,0.9
"Guardian | Dầu gội đầu Rejoice, Sữa tắm Hazeline",Mua sắm,gemini_synthetic,0.9
Hasaki,Mua sắm,gemini_synthetic,0.9
"CellphoneS | Tai nghe Airpods Pro 2, Sạc nhanh Anker",Mua sắm,gemini_synthetic,0.9
"Đồ chơi xếp hình Lego, Bộ cờ tỷ phú",Mua sắm,gemini_synthetic,0.9
"Cặp sách học sinh, Hộp bút màu, Compa",Giáo dục,gemini_synthetic,0.9
"Zara | Áo khoác dạ nữ, Quần culottes đen, Khăn choàng len",Mua sắm,gemini_synthetic,0.9
"H&M | Áo thun cotton nam, Quần jean rách, Vớ cổ ngắn",Mua sắm,gemini_synthetic,0.9
"Uniqlo | Áo giữ nhiệt Heattech, Quần âu nam, Tất Uniqlo",Mua sắm,gemini_synthetic,0.9
"Routine | Áo polo slimfit, Quần kaki nam, Mũ lưỡi trai",Mua sắm,gemini_synthetic,0.9
"Canifa | Áo len cổ lọ, Chân váy midi, Khăn quàng cổ",Mua sắm,gemini_synthetic,0.9
"Owen | Áo sơ mi công sở, Quần tây nam, Cà vạt lụa",Mua sắm,gemini_synthetic,0.9
"NEM | Đầm dạ hội, Áo vest nữ, Túi xách cầm tay",Mua sắm,gemini_synthetic,0.9
"Thế Giới Di Động | iPhone 15 Pro Max 256GB, Tai nghe Airpods Pro 2",Mua sắm,gemini_synthetic,0.9
"FPT Shop | Laptop Dell XPS 13, Chuột Logitech MX Master 3",Mua sắm,gemini_synthetic,0.9
"Điện Máy Xanh | Máy giặt Electrolux 9kg, Máy sấy quần áo Samsung",Mua sắm,gemini_synthetic,0.9
"CellphoneS | Samsung Galaxy S24 Ultra, Đồng hồ thông minh Garmin",Mua sắm,gemini_synthetic,0.9
"Nguyễn Kim | TV Sony Bravia 55 inch, Loa soundbar JBL",Mua sắm,gemini_synthetic,0.9
"Guardian | Kem chống nắng La Roche-Posay, Sữa rửa mặt Cetaphil, Toner Klairs",Mua sắm,gemini_synthetic,0.9
"Hasaki | Serum Vitamin C Timeless, Son MAC Ruby Woo, Phấn nước Missha",Mua sắm,gemini_synthetic,0.9
"Watsons | Bông tẩy trang Silcot, Dầu gội Tresemme, Sữa tắm Enchanteur",Mua sắm,gemini_synthetic,0.9
"The Face Shop | Nước tẩy trang gạo, Mặt nạ giấy trà xanh",Mua sắm,gemini_synthetic,0.9
"Miniso | Bàn chải điện, Gối ôm hình thú, Bút bi gel",Giáo dục,gemini_synthetic,0.9
"Daiso | Giỏ đựng đồ, Kẹp tóc, Vớ họa tiết",Mua sắm,gemini_synthetic,0.9
"PNJ | Nhẫn vàng 18K, Dây chuyền bạc, Bông tai đá",Mua sắm,gemini_synthetic,0.9
"Con Cưng | Bỉm Merries size M, Sữa tắm gội trẻ em Chicco, Đồ chơi xúc xắc",Mua sắm,gemini_synthetic,0.9
"Yody | Áo khoác gió 2 lớp, Quần jogger unisex",Mua sắm,gemini_synthetic,0.9
"IVY moda | Chân váy bút chì, Áo blouse lụa",Mua sắm,gemini_synthetic,0.9
"Juno | Giày cao gót, Túi xách đeo vai",Mua sắm,gemini_synthetic,0.9
"Vascara | Sandal đế xuồng, Ví cầm tay nữ",Mua sắm,gemini_synthetic,0.9
"Bột giặt Omo, Nước xả vải Downy, Nước rửa chén Sunlight",Mua sắm,gemini_synthetic,0.9
"Quần jeans Levi's, Áo hoodie Champion",Mua sắm,gemini_synthetic,0.9
"Máy cạo râu Philips, Bàn chải điện Oral-B",Mua sắm,gemini_synthetic,0.9
"Son kem lì Maybelline, Mascara L'Oréal",Mua sắm,gemini_synthetic,0.9
"Đồ chơi lắp ráp Lego Ninjago, Xe điều khiển từ xa",Mua sắm,gemini_synthetic,0.9
"Giấy vệ sinh Bless You, Khăn giấy Paseo",Mua sắm,gemini_synthetic,0.9
"Nước hoa Chanel Coco Mademoiselle, Kem dưỡng ẩm Clinique",Mua sắm,gemini_synthetic,0.9
AEON Wellness,Mua sắm,gemini_synthetic,0.9
An Phát PC,Mua sắm,gemini_synthetic,0.9
"Uniqlo | Áo thun Airism nữ, Quần kaki nam size 32",Mua sắm,gemini_synthetic,0.9
"Thế Giới Di Động | iPhone 15 Pro Max 256GB, Tai nghe Bluetooth Sony WH-1000XM5",Mua sắm,gemini_synthetic,0.9
"Guardian | Sữa rửa mặt Cetaphil, Kem chống nắng Anessa, Son dưỡng môi Vaseline",Mua sắm,gemini_synthetic,0.9
"Canifa | Áo khoác dù nam, Quần jean nữ ống rộng",Mua sắm,gemini_synthetic,0.9
"FPT Shop | Laptop Acer Aspire 5, Chuột không dây Logitech",Mua sắm,gemini_synthetic,0.9
"Hasaki | Serum Vitamin C Timeless, Nước tẩy trang Bioderma 500ml",Mua sắm,gemini_synthetic,0.9
"Con Cưng | Bỉm Huggies size M gói lớn, Sữa tắm gội Johnson's Baby",Mua sắm,gemini_synthetic,0.9
"Fahasa | Tiểu thuyết ""Đắc Nhân Tâm"", Bút bi gel Thiên Long",Giáo dục,gemini_synthetic,0.9
"PNJ | Dây chuyền bạc nữ, Mặt dây chuyền đá thạch anh",Mua sắm,gemini_synthetic,0.9
"H&M | Đầm maxi hoa, Áo len croptop",Mua sắm,gemini_synthetic,0.9
"Điện Máy Xanh | Nồi chiên không dầu Philips, Máy ép chậm Hurom",Mua sắm,gemini_synthetic,0.9
"Zara | Áo Blazer nữ, Quần âu ống suông",Mua sắm,gemini_synthetic,0.9
"CellphoneS | Sạc dự phòng Anker 10000mAh, Ốp lưng iPhone 15 Pro",Mua sắm,gemini_synthetic,0.9
"Watsons | Xịt khoáng La Roche-Posay, Kem dưỡng ẩm Hada Labo",Mua sắm,gemini_synthetic,0.9
"Áo sơ mi caro nam, Quần kaki slim fit, Thắt lưng da",Mua sắm,gemini_synthetic,0.9
"Bột giặt Omo Matic 3kg, Nước xả vải Comfort 800ml, Nước rửa chén Sunlight",Mua sắm,gemini_synthetic,0.9
"Bộ lắp ráp Lego City, Xe điều khiển từ xa, Bộ tô màu cho bé",Mua sắm,gemini_synthetic,0.9
"Kem nền Maybelline, Mascara L'Oreal, Phấn phủ kiềm dầu",Mua sắm,gemini_synthetic,0.9
"Sách ""Cha Giàu Cha Nghèo"", Sổ tay A5 có dòng kẻ, Bút highlight",Giáo dục,gemini_synthetic,0.9
Tiki,Mua sắm,gemini_synthetic,0.9
Shopee,Mua sắm,gemini_synthetic,0.9
"Sữa tắm gừng, Dầu gội bưởi, Kem đánh răng P/S",Mua sắm,gemini_synthetic,0.9
"Bộ lego siêu nhân, Xe đồ chơi điều khiển từ xa",Mua sắm,gemini_synthetic,0.9
"Quần bò rách gối, Áo croptop, Giày cao gót",Mua sắm,gemini_synthetic,0.9
"Dây sạc iPhone C-C, Củ sạc nhanh 20W, Ốp lưng silicon",Mua sắm,gemini_synthetic,0.9
"Nước hoa mini CK One, Son kem lì Maybelline, Kẻ mắt nước",Mua sắm,gemini_synthetic,0.9
"Uniqlo | Áo thun cotton nam size L, Quần chinos ống đứng",Mua sắm,gemini_synthetic,0.9
"FPT Shop | MacBook Air M3 13-inch, AppleCare Protection Plan",Mua sắm,gemini_synthetic,0.9
"Guardian | Sữa rửa mặt Cerave, Kem chống nắng La Roche-Posay",Mua sắm,gemini_synthetic,0.9
"Zara | Váy maxi họa tiết, Túi xách da PU",Mua sắm,gemini_synthetic,0.9
"Routine | Áo polo slim fit, Quần kaki ống suông",Mua sắm,gemini_synthetic,0.9
"Điện Máy Xanh | Tivi Samsung 55 inch, Loa soundbar JBL",Mua sắm,gemini_synthetic,0.9
"Canifa | Áo len cổ lọ nữ, Quần vải ống rộng",Mua sắm,gemini_synthetic,0.9
"Owen | Áo sơ mi công sở, Quần tây nam, Thắt lưng da",Mua sắm,gemini_synthetic,0.9
"NEM | Đầm dạ hội, Khăn lụa, Bông tai ngọc trai",Mua sắm,gemini_synthetic,0.9
"CellphoneS | Tai nghe Bluetooth Sony WH-1000XM5, Miếng dán màn hình",Mua sắm,gemini_synthetic,0.9
"Miniso | Gấu bông dễ thương, Sổ tay B5, Bút bi gel",Giáo dục,gemini_synthetic,0.9
"Kohnan Japan | Nước lau sàn Gift, Giấy ăn Paseo, Bàn chải đánh răng Oral-B",Mua sắm,gemini_synthetic,0.9
"IVY moda | Chân váy bút chì, Áo vest nữ, Túi tote",Mua sắm,gemini_synthetic,0.9
"Con Cưng | Bỉm Merries size M, Sữa tắm gội Pigeon cho bé",Mua sắm,gemini_synthetic,0.9
"Fahasa | Bút màu chì Faber-Castell, Sổ kế hoạch, Bộ dụng cụ học tập",Giáo dục,gemini_synthetic,0.9
"YODY | Áo khoác dù chống nước, Mũ lưỡi trai",Mua sắm,gemini_synthetic,0.9
NHÀ SÁCH GD-TC CẨM PHẢ | Búp bê trang điểm,Mua sắm,synthetic,0.95
"KDR colgate maxfresh 200g NT, Bột giặt orno comfor 720g NT",Mua sắm,synthetic,0.95
"TẬP ĐOÀN CÔNG NGHIỆP - VIỄN THÔNG QUÂN ĐỘI | Samsung Galaxy Note 10 Plus, Samsung Galaxy Note 10",Mua sắm,synthetic,0.95
CÔNG TY TNHH ĐẦU TƯ VÀ CÔNG NGHỆ AN TIÊN | Máy tính xách tay Dell Vostro V5470A,Mua sắm,synthetic,0.95
"CASE STUDY | Váy xếp ly - Đen - S, Váy hoa vintage",Mua sắm,synthetic,0.95
"DG Rejoice Ngăn rụng, BVS Diana dày cánh NT, SM 650 NT, ST Thebol 650g NT, sữa chua nếp cẩm vnm NO, bánh mì nho dừa NO, Bánh mì tươi sữa và siêu mễ NT, bvs diana siêu thấm cool fr NO, NRC sunlight chanh 400ml NT, Sữa chua đường VNM 100g NT",Mua sắm,synthetic,0.95
THE BLUES | QN1-JP1L16-026,Mua sắm,synthetic,0.95
CÔNG TY TNHH AN NINH MẠNG BKAV | Phần mềm diệt virus BkayPro 2 năm,Mua sắm,synthetic,0.95
"TOMA FASHION | ÁO PHÔNG TRẮNG, QUẦN DÙI BÒ",Mua sắm,synthetic,0.95
BTM C - CẦU GIẤY | KIẾNG CHẠM,Mua sắm,synthetic,0.95
"VinCommerce | X-MEN Tắm gội 2in1wood 650g, OXY Kem rửa mặt tác động sâu 100g",Mua sắm,synthetic,0.95
"VinCommerce | X-MEN Tắm gội 2in1wood 650g, X-MEN Sáp vuốt tóc boss spiky 70g",Mua sắm,synthetic,0.95
"VIETTEL | SAMSUNG Galaxy Note 10 Plus, SAMSUNG Galaxy S7 Edge",Mua sắm,synthetic,0.95
CÔNG TY CP HOÀNG LONG | Xe máy Yamaha Janus,Mua sắm,synthetic,0.95
"NRC sunlight chanh 400ml NT, kẹo Alpenliebe gói 120g NT, bánh mì nho dừa NO, sữa chua nếp cẩm vnm NO, Sữa chua đường VNM 100g NT, SM 650 NT, Bánh mì tươi sữa và siêu mễ NT, ST Thebol 650g NT, bvs diana siêu thấm cool fr NO",Mua sắm,synthetic,0.95
Electronics 555 | WH-1000XM5,Mua sắm,synthetic,0.95
"CÔNG TY TNHH CÔNG NGHỆ FIXCAR VIỆT NAM | Camera quan sát ghi hình ảnh, Model Speed Map M1, Thẻ nhớ 64GB Micro (A2 V30)",Mua sắm,synthetic,0.95
"CASE STUDY | Váy xếp ly - Đen - S, 3 miếng mặt nạ HA - Hồng, Váy hoa vintage",Mua sắm,synthetic,0.95
"CÔNG TY TNHH CÔNG NGHỆ FIXCAR VIỆT NAM | Thẻ nhớ 64GB Micro (A2 V30), Model Speed Map M1, Camera sau Model Speed Map M1",Mua sắm,synthetic,0.95
"CÔNG TY CỔ PHẦN GM THĂNG LONG | Xe ô tô GM Chevrolet CRUZE KL1-JNB11/CD5-1, mới 100%, dung tích xy lanh 1796 Cm3, 05 Chỗ ngồi",Mua sắm,synthetic,0.95
"Sữa chua đường VNM 100g NT, DG Rejoice Ngăn rụng, BVS Diana dày cánh NT, NRC sunlight chanh 400ml NT, ST Thebol 650g NT, SM 650 NT, sữa chua nếp cẩm vnm NO, bvs diana siêu thấm cool fr NO, Bánh mì tươi sữa và siêu mễ NT",Mua sắm,synthetic,0.95
"Co.opMart NGUYEN DINH CHIEU | Kem Wall's Soco H.Nhan 75, Ha cao VISSAN 250g, DG CLEAR ml bha skhoa1630, Xuc xich trung muoi G FED, KDR CloseUp Bacha230g+BCD, SCU TH Yogurt caramen 170, Ha cao VISSAN 250g, Banh da cua HOANGGIA 120g, Lap xuong tuoi LC 500g",Mua sắm,synthetic,0.95
TIẾN ANH | Vòng cổ,Mua sắm,synthetic,0.95
"VinCommerce | X-MEN Sáp vuốt tóc boss spiky 70g, OXY Kem rửa mặt tác động sâu 100g",Mua sắm,synthetic,0.95
"CÔNG TY CỔ PHẦN GM THĂNG LONG | dung tích xy lanh 1796 Cm3, màu Đen (831), 05 Chỗ ngồi, mới 100%",Mua sắm,synthetic,0.95
"TỔNG CÔNG TY CỔ PHẦN MAY VIỆT TIẾN | SOMI 1E2367BT6/ L3V, SOMI 1E2406BT4/ L4V",Mua sắm,synthetic,0.95
"CASE STUDY | máy tẩy da chết, Váy xếp ly - Đen - S, Váy hoa vintage",Mua sắm,synthetic,0.95
TỔNG CÔNG TY CỔ PHẦN MAY VIỆT TIẾN | SOMI 1E2406BT4/ L4V,Mua sắm,synthetic,0.95
"CÔNG TY CỔ PHẦN GM THĂNG LONG | 05 Chỗ ngồi, dung tích xy lanh 1796 Cm3, Xe ô tô GM Chevrolet CRUZE KL1-JNB11/CD5-1, mới 100%",Mua sắm,synthetic,0.95
TỔNG CÔNG TY CỔ PHẦN MAY VIỆT TIẾN | SOMI 1E2062BT3/ L2V (BLACK),Mua sắm,synthetic,0.95
"UNIQLO | Sản phẩm lẻ, AO THUN, QUAN DAI, DAM RAYON, QUAN SHORT, AO THUN, AO Sd-MI",Mua sắm,synthetic,0.95
"UNIQLO | Sản phẩm lẻ, AO Sd-MI, AO THUN, QUAN SHORT, AO THUN, AO THUN, DAM PONTE, QUAN DAI",Mua sắm,synthetic,0.95
"CÔNG TY TNHH CÔNG NGHỆ FIXCAR VIỆT NAM | Camera sau Model Speed Map M1, Camera quan sát ghi hình ảnh",Mua sắm,synthetic,0.95
"CÔNG TY CỔ PHẦN GM THĂNG LONG | Xe ô tô GM Chevrolet CRUZE KL1-JNB11/CD5-1, 05 Chỗ ngồi, mới 100%",Mua sắm,synthetic,0.95
"Electronics 555 | WH-1000XM5, XR-55A80L",Mua sắm,synthetic,0.95
"CASE STUDY | Váy hoa vintage, 3 miếng mặt nạ HA - Hồng",Mua sắm,synthetic,0.95
Electronics 555 | XR-55A80L,Mua sắm,synthetic,0.95
"BVS Diana dày cánh NT, SM 650 NT, kẹo Alpenliebe gói 120g NT, sữa chua nếp cẩm vnm NO, NRC sunlight chanh 400ml NT, bvs diana siêu thấm cool fr NO, DG Rejoice Ngăn rụng, Sữa chua đường VNM 100g NT, Bánh mì tươi sữa và siêu mễ NT, bánh mì nho dừa NO",Mua sắm,synthetic,0.95
"Co.opMart NGUYEN DINH CHIEU | Xuc xich trung muoi G FED, Ha cao VISSAN 250g, KDR CloseUp Bacha230g+BCD, Lap xuong tuoi LC 500g, DG CLEAR ml bha skhoa1630, Ha cao VISSAN 250g, SCU TH Yogurt caramen 170, KX/DXDoveOXYMOISTUREdtbb",Mua sắm,synthetic,0.95
"Co.opMart NGUYEN DINH CHIEU | Kem Wall's Soco H.Nhan 75, SCU TH Yogurt caramen 170, Ha cao VISSAN 250g, KX/DXDoveOXYMOISTUREdtbb, KDR CloseUp Bacha230g+BCD, Lap xuong tuoi LC 500g, Ha cao VISSAN 250g, Banh da cua HOANGGIA 120g",Mua sắm,synthetic,0.95
"CÔNG TY TNHH CÔNG NGHỆ FIXCAR VIỆT NAM | Model Speed Map M1, Camera quan sát ghi hình ảnh, Thẻ nhớ 64GB Micro (A2 V30)",Mua sắm,synthetic,0.95
"Electronics 555 | HT-S2000, XR-55A80L",Mua sắm,synthetic,0.95
VinCommerce | X-MEN Sáp vuốt tóc boss spiky 70g,Mua sắm,synthetic,0.95
"CASE STUDY | 3 miếng mặt nạ HA - Hồng, Váy xếp ly - Đen - S",Mua sắm,synthetic,0.95
"Co.opMart NGUYEN DINH CHIEU | Lap xuong tuoi LC 500g, Ha cao VISSAN 250g, KX/DXDoveOXYMOISTUREdtbb, Xuc xich trung muoi G FED, SCU TH Yogurt caramen 170, Ha cao VISSAN 250g, DG CLEAR ml bha skhoa1630, Banh da cua HOANGGIA 120g, Kem Wall's Soco H.Nhan 75",Mua sắm,synthetic,0.95
"CÔNG TY TNHH CÔNG NGHỆ FIXCAR VIỆT NAM | Camera quan sát ghi hình ảnh, Camera sau Model Speed Map M1, Model Speed Map M1",Mua sắm,synthetic,0.95
VinCommerce | OXY Kem rửa mặt tác động sâu 100g,Mua sắm,synthetic,0.95
"Co.opMart NGUYEN DINH CHIEU | Xuc xich trung muoi G FED, Lap xuong tuoi LC 500g, SCU TH Yogurt caramen 170, KX/DXDoveOXYMOISTUREdtbb, Ha cao VISSAN 250g, DG CLEAR ml bha skhoa1630, Kem Wall's Soco H.Nhan 75, KDR CloseUp Bacha230g+BCD, Ha cao VISSAN 250g",Mua sắm,synthetic,0.95
"NRC sunlight chanh 400ml NT, bánh mì nho dừa NO, Bánh mì tươi sữa và siêu mễ NT, kẹo Alpenliebe gói 120g NT, ST Thebol 650g NT, SM 650 NT, sữa chua nếp cẩm vnm NO, DG Rejoice Ngăn rụng, BVS Diana dày cánh NT",Mua sắm,synthetic,0.95
"UNIQLO | DAM PONTE, AO Sd-MI, QUAN SHORT, AO THUN, AO THUN, Sản phẩm lẻ, AO THUN, QUAN DAI",Mua sắm,synthetic,0.95
"UNIQLO | AO Sd-MI, Sản phẩm lẻ, AO THUN, QUAN DAI, DAM RAYON, QUAN SHORT, AO THUN, DAM PONTE",Mua sắm,synthetic,0.95
"UNIQLO | AO THUN, QUAN DAI, QUAN SHORT, AO THUN, DAM PONTE, AO THUN, Sản phẩm lẻ, DAM RAYON",Mua sắm,synthetic,0.95
"BILLIARDS CLUP NEW VIP | Tiền giờ bàn 10 (50 phút), Bia Larue, Nước Bò Húc, Thuốc Ngựa, Cafe Sữa Đá",Giải trí,manual,1.0
"KARAOKE DORAEMON | Tiền giờ VIP 2 (1 giờ 1 phút), Sài gòn lager lon, Sài gòn đỏ, C2, Sting, Bò Húc",Giải trí,manual,1.0
"CGV Vincom Thảo Điền | Vé xem phim Conan 2D - 2 vé, Combo Bắp nước lớn",Giải trí,gemini_synthetic,0.9
"Karaoke Luxury | Thuê phòng VIP 3 giờ, Bia Sài Gòn 10 lon, Trái cây đĩa",Giải trí,gemini_synthetic,0.9
"Billiards New Vip Trần Hưng Đạo | Giờ chơi bi-a 1h30m, Pepsi 3 lon lạnh",Giải trí,gemini_synthetic,0.9
"Bowling Saigon Pearl | Vé chơi 2 game, Thuê giày 1 cặp",Giải trí,gemini_synthetic,0.9
"Thẻ game Timezone 300k, Vé vòng quay ánh sáng 2 người, Vé nhà ma",Giải trí,gemini_synthetic,0.9
"Kingfun | Nạp thẻ Garena 100K, Thẻ Vcoin 50K",Giải trí,gemini_synthetic,0.9
Game Center Lotte Mart Q7,Giải trí,gemini_synthetic,0.9
"Lotte Cinema Gò Vấp | Vé xem phim Bỗng Dưng Trúng Số - 2 vé, Nước ép cam 2 ly",Giải trí,gemini_synthetic,0.9
"Vé vào cổng Suối Tiên 2 người lớn, Vé trò chơi cảm giác mạnh",Giải trí,gemini_synthetic,0.9
"Karaoke ICOOL Phan Văn Trị | Phòng hát 2 giờ, Bánh snack Oishi, Bia Tiger ướp lạnh",Giải trí,gemini_synthetic,0.9
"CGV Crescent Mall | Vé xem phim Lật Mặt 7 - 2 vé, Combo bắp nước lớn",Giải trí,gemini_synthetic,0.9
"Lotte Cinema Q.7 | Vé phim Mắt Biếc 3D - 3 vé, Coca cola size M 2 ly",Giải trí,gemini_synthetic,0.9
"BHD Star Vincom | Vé xem phim Quỷ Cẩu, Bắp rang bơ combo đôi",Giải trí,gemini_synthetic,0.9
"Galaxy Cinema Nguyễn Du | Vé xem phim Con Nhót Mót Chồng 2D, Pepsi lon",Giải trí,gemini_synthetic,0.9
"Karaoke Nnice Hoàng Việt | Phòng VIP 2h, Bia Tiger 10 chai, Đĩa trái cây tổng hợp",Giải trí,gemini_synthetic,0.9
"Karaoke Ibox Gò Vấp | Tiền phòng karaoke 3.5 tiếng, Snack Poca, Khăn lạnh 5 cái",Giải trí,gemini_synthetic,0.9
"King Karaoke | Phòng đôi 2 tiếng, Bia Sài Gòn 6 chai, Mực khô nướng",Giải trí,gemini_synthetic,0.9
"Billiards 99 | Giờ chơi bi-a 3 tiếng, Nước ép cam 2 ly, Bánh snack",Giải trí,gemini_synthetic,0.9
"Bi-a Club 68 | Thuê bàn bi-a 2h15, Coca Zero 3 lon",Giải trí,gemini_synthetic,0.9
"Bowling Dream Games | Vé bowling 4 ván, Thuê giày bowling 2 đôi",Giải trí,gemini_synthetic,0.9
"Timezone AEON Mall | Thẻ game nạp 300k, Vé chơi gắp thú 3 lượt",Giải trí,gemini_synthetic,0.9
"TiniWorld Vincom | Vé vào cổng trẻ em 1 người lớn 1 bé, Vé tô tượng",Giải trí,gemini_synthetic,0.9
"Kidzooona Aeon Mall Tân Phú | Vé chơi cả ngày 2 bé, Vé tàu lượn nhỏ",Giải trí,gemini_synthetic,0.9
"CyberCore Gaming Center | Giờ chơi máy tính 5h, Nước tăng lực Monster",Giải trí,gemini_synthetic,0.9
"Quán Game F8 Thủ Đức | Thuê máy PS5 3 tiếng, Combo mì gói + trứng",Giải trí,gemini_synthetic,0.9
"Mega Grand World HN | Vé đu quay ngựa gỗ, Vé đi thuyền Gondola",Giải trí,gemini_synthetic,0.9
"Cung Văn hóa Lao động | Vé xem ca nhạc Tùng Dương, Nước suối",Giải trí,gemini_synthetic,0.9
"Jump Arena Him Lam | Vé nhảy bạt lò xo 2 người, Thuê vớ chống trượt",Giải trí,gemini_synthetic,0.9
"Game Center Zone 9 | Giờ chơi game thùng 1.5h, Kẹo mút",Giải trí,gemini_synthetic,0.9
"Karaoke Golden | Phòng karaoke 4h, Bia 333 12 chai, Trái cây dĩa",Giải trí,gemini_synthetic,0.9
"Bi-a Max | Thuê bàn bi-a 2h, Cà phê sữa đá 2 ly",Giải trí,gemini_synthetic,0.9
"Lotte Cinema | Vé xem phim Godzilla vs Kong, Combo bắp nước couple",Giải trí,gemini_synthetic,0.9
"CGV Gò Vấp | Vé phim Đất Rừng Phương Nam 2 vé, Coca Light",Giải trí,gemini_synthetic,0.9
"Karaoke Empire | Phòng lớn 3h, Heineken bạc 8 chai, Đậu phộng rang",Giải trí,gemini_synthetic,0.9
"Billiards 247 | Giờ chơi bi-a 2h, Nước ngọt Fanta 3 chai",Giải trí,gemini_synthetic,0.9
"Timezone | Nạp thẻ 500k, Vé chơi đua xe F1",Giải trí,gemini_synthetic,0.9
"Khu vui chơi Helio | Vé vào cổng khu vui chơi, Vé xe điện đụng",Giải trí,gemini_synthetic,0.9
"Game Arena | Giờ chơi game net 4h, Bánh mì kẹp",Giải trí,gemini_synthetic,0.9
"Vé xem phim Mai - 2 vé, Bắp rang bơ size L, Pepsi",Giải trí,gemini_synthetic,0.9
"Tiền phòng karaoke 3 tiếng, Bia Larue, Khoai tây chiên",Giải trí,gemini_synthetic,0.9
"Giờ chơi bi-a 2h bàn số 3, Nước suối Lavie",Giải trí,gemini_synthetic,0.9
"Vé bowling 3 ván, Thuê giày",Giải trí,gemini_synthetic,0.9
"Nạp Kim Cương Free Fire 100k, Vé quay vòng quay may mắn",Giải trí,gemini_synthetic,0.9
"Vé vào cổng công viên nước, Vé trượt ống xoắn",Giải trí,gemini_synthetic,0.9
"Vé concert MONO, Nước ép trái cây",Giải trí,gemini_synthetic,0.9
"Thuê máy PS4 2 giờ, Mì ly Hảo Hảo",Giải trí,gemini_synthetic,0.9
CGV Vincom,Giải trí,gemini_synthetic,0.9
Karaoke Nice,Giải trí,gemini_synthetic,0.9
Timezone,Giải trí,gemini_synthetic,0.9
Công viên Suối Tiên,Giải trí,gemini_synthetic,0.9
"CGV Crescent Mall | Vé xem phim ""Lật Mặt 7"" 2 vé, Combo bắp nước lớn",Giải trí,gemini_synthetic,0.9
"Lotte Cinema Gò Vấp | Vé phim ""Godzilla x Kong"" suất tối, Pepsi 2 ly",Giải trí,gemini_synthetic,0.9
"Karaoke Luxury VIP | Tiền phòng karaoke 3 tiếng, Bia Tiger 1 thùng, Đĩa trái cây thập cẩm",Giải trí,gemini_synthetic,0.9
"Billiards New Vip | Giờ chơi bi-a 2.5h, Trà đá 3 ly, Mì gói úp",Giải trí,gemini_synthetic,0.9
"Bowling Saigon Pearl | 2 ván bowling, Thuê giày 2 đôi, Nước suối La Vie",Giải trí,gemini_synthetic,0.9
"Timezone AEON Mall | Thẻ nạp game 300k, Xu chơi bắn cá",Giải trí,gemini_synthetic,0.9
"VinWonders Phú Quốc | Vé vào cổng người lớn, Vé chơi trò siêu tốc",Giải trí,gemini_synthetic,0.9
"BHD Star Thảo Điền | Vé xem phim ""Mai"" ghế đôi, Bắp caramel vừa",Giải trí,gemini_synthetic,0.9
"Galaxy Cinema Q7 | Vé phim ""Oppenheimer"" suất khuya, Nước cam tươi",Giải trí,gemini_synthetic,0.9
"Karaoke Nnice | Phòng karaoke VIP 2h, Hộp bánh Orion ChocoPie",Giải trí,gemini_synthetic,0.9
"Bi-a Club 68 | Thuê bàn bi-a 3 giờ, Coca Cola 4 lon",Giải trí,gemini_synthetic,0.9
"Kingfun | Nạp thẻ game 500.000 VNĐ, Mua vật phẩm trong game",Giải trí,gemini_synthetic,0.9
"Suối Tiên Theme Park | Vé vào cổng, Vé tham quan Vương quốc cá sấu",Giải trí,gemini_synthetic,0.9
"TiNiWorld | Vé vào cổng trẻ em, Vé chơi nhà banh",Giải trí,gemini_synthetic,0.9
"CGV Vincom Q2 | Vé phim ""Kungfu Panda 4"" 2 vé, Snack Poca",Giải trí,gemini_synthetic,0.9
"Lotte Cinema | Vé xem phim ""Đào, Phở và Piano"", Bắp rang bơ nhỏ",Giải trí,gemini_synthetic,0.9
"Karaoke Family | Tiền phòng 2 tiếng, Bia Sài Gòn Special 6 chai",Giải trí,gemini_synthetic,0.9
"Dream Games Bowling | 3 lượt chơi bowling, Nước ngọt Mirinda",Giải trí,gemini_synthetic,0.9
"Game Center AEON | Thẻ game 200k, Đổi quà bông gòn",Giải trí,gemini_synthetic,0.9
"VinWonders Nha Trang | Vé cáp treo, Vé vào công viên nước",Giải trí,gemini_synthetic,0.9
"Karaoke ICOOL | Phòng lớn 2.5 giờ, Red Bull 3 lon",Giải trí,gemini_synthetic,0.9
"Billiards 99 | Giờ chơi bida phăng 3h, Sting dâu 2 chai",Giải trí,gemini_synthetic,0.9
"Ticketbox | Vé concert Rap Việt, Phí dịch vụ",Giải trí,gemini_synthetic,0.9
"CGV Gò Vấp | Vé phim ""Dune: Part Two"" 3D, Combo bắp nước khổng lồ",Giải trí,gemini_synthetic,0.9
"Karaoke New Sky | Tiền phòng hát 4 giờ, Lavie chai lớn",Giải trí,gemini_synthetic,0.9
"Bi-a Cao Cấp | Thuê bàn 2h, Bánh mì kẹp",Giải trí,gemini_synthetic,0.9
"Đầm Sen Nước | Vé vào cổng, Vé trượt máng",Giải trí,gemini_synthetic,0.9
"AEON Mall Games | Thẻ nạp game 150k, Vé đổi thưởng",Giải trí,gemini_synthetic,0.9
"Vé xem phim ""Quỷ Cẩu"" 2 vé, Bắp rang bơ, Coca",Giải trí,gemini_synthetic,0.9
"Giờ chơi bi-a 2 giờ, Nước ngọt Sprite, Khăn lạnh",Giải trí,gemini_synthetic,0.9
"Phòng karaoke VIP 3h, Bia 10 chai, Trái cây đĩa",Giải trí,gemini_synthetic,0.9
"Vé bowling 3 ván, Thuê giày, Sting vàng",Giải trí,gemini_synthetic,0.9
"Nạp Kim Cương Free Fire 100k, Mua skin súng",Giải trí,gemini_synthetic,0.9
"Vé vào cổng khu vui chơi, Vé tàu lượn siêu tốc",Giải trí,gemini_synthetic,0.9
"Vé concert Blackpink, Nước suối",Giải trí,gemini_synthetic,0.9
"Vé xem bóng đá AFF Cup, Bánh snack",Giải trí,gemini_synthetic,0.9
Kingfun,Giải trí,gemini_synthetic,0.9
VinWonders,Giải trí,gemini_synthetic,0.9
Karaoke Luxury,Giải trí,gemini_synthetic,0.9
"CGV Vincom Đồng Khởi | Vé xem phim Mắt Biếc 2 vé, Combo bắp nước lớn",Giải trí,gemini_synthetic,0.9
"Lotte Cinema Gò Vấp | Vé xem phim Godzilla vs Kong, 1 bắp ngọt size M, 2 Coke",Giải trí,gemini_synthetic,0.9
"Karaoke Luxury | Phòng VIP 3 giờ, Bia Tiger 6 lon, Trái cây thập cẩm",Giải trí,gemini_synthetic,0.9
"Billiards New Vip Q7 | Giờ chơi bi-a 2.5h, 2 trà đá, Mì gói úp",Giải trí,gemini_synthetic,0.9
"Bowling Saigon Pearl | Vé chơi bowling 2 ván, Thuê giày size 40, Nước suối Lavie",Giải trí,gemini_synthetic,0.9
"Timezone AEON Mall | Thẻ nạp 300k, Vé đua xe F1, Vé bắn súng",Giải trí,gemini_synthetic,0.9
"Vinpearl Land Phú Quốc | Vé vào cổng người lớn, Vé chơi trò mạo hiểm",Giải trí,gemini_synthetic,0.9
"CGV Sư Vạn Hạnh | Vé phim Deadpool 3, Bắp phô mai, Sprite",Giải trí,gemini_synthetic,0.9
"Karaoke Doraemon | Thuê phòng hát 2 tiếng, Nước ngọt Coca-Cola 3 chai, Snack Poca",Giải trí,gemini_synthetic,0.9
"Bi-a Club 68 | Tiền bàn bi-a 3 giờ, Cafe sữa đá 2 ly, Khăn lạnh",Giải trí,gemini_synthetic,0.9
"Galaxy Cinema Nguyễn Du | Vé xem phim hoạt hình Kungfu Panda, Bắp rang bơ nhỏ",Giải trí,gemini_synthetic,0.9
"BHD Star Thảo Điền | Vé suất chiếu sớm Lật Mặt 7, Nước ép cam tươi",Giải trí,gemini_synthetic,0.9
"Kingfun Game Center | Thẻ game 150.000đ, Xu đổi quà, Vé game gắp thú",Giải trí,gemini_synthetic,0.9
"Karaoke New Sky | Phòng KTV 2 giờ, Bia SaiGon Special 4 chai, Đĩa đậu phộng",Giải trí,gemini_synthetic,0.9
"Bowling Dream Games | Vé chơi 3 ván, Thuê giày, Sting dâu",Giải trí,gemini_synthetic,0.9
"Bi-a 3D Tôn Thất Tùng | Giờ chơi bàn 9 bi 2h, Nước lọc Aquafina",Giải trí,gemini_synthetic,0.9
"Cinestar Quốc Thanh | Vé phim kinh dị, Popcorn caramel, Pepsi",Giải trí,gemini_synthetic,0.9
"Kidzania | Vé vào cổng trẻ em, Vé trải nghiệm phi công",Giải trí,gemini_synthetic,0.9
"Nạp Game Liên Quân | 500 Quân Huy, Gói đặc quyền",Giải trí,gemini_synthetic,0.9
"Game TopZone | Thẻ game 100k, Đổi xu trò đua xe",Giải trí,gemini_synthetic,0.9
"Lotte Cinema Quận 7 | Vé phim hành động, Combo Family Bắp Nước, Kẹo M&M",Giải trí,gemini_synthetic,0.9
"Karaoke Nốt Nhạc Vui | Tiền phòng 3h, Bia Heineken 1 thùng, Mực khô",Giải trí,gemini_synthetic,0.9
"Billiards 999 | Giờ chơi bàn lỗ 2h, Redbull",Giải trí,gemini_synthetic,0.9
"PowerBowl Sài Gòn | Vé chơi bowling 2 lượt, Nước ngọt Fanta",Giải trí,gemini_synthetic,0.9
"CGV VivoCity | Vé phim bom tấn, Bắp mặn cỡ lớn, 2 lon 7UP",Giải trí,gemini_synthetic,0.9
"Suối Tiên | Vé cổng người lớn, Vé tàu lượn siêu tốc, Vé công viên nước",Giải trí,gemini_synthetic,0.9
"Đầm Sen Park | Vé trọn gói các trò chơi, Bắp rang bơ",Giải trí,gemini_synthetic,0.9
MyMusicTaste VN | Vé concert K-pop nhóm (G)-IDLE,Giải trí,gemini_synthetic,0.9
"Vé xem phim Mai 2D, 1 combo bắp nước",Giải trí,gemini_synthetic,0.9
"Tiền phòng karaoke 2 giờ, bia ướp lạnh, đĩa trái cây",Giải trí,gemini_synthetic,0.9
"Giờ chơi bi-a 3 tiếng, 2 ly nước cam",Giải trí,gemini_synthetic,0.9
"Vé chơi bowling 2 ván, thuê giày, nước suối",Giải trí,gemini_synthetic,0.9
Thẻ nạp game Free Fire 500 Kim Cương,Giải trí,gemini_synthetic,0.9
"Vé vào cổng khu vui chơi trẻ em, vé trò xe điện",Giải trí,gemini_synthetic,0.9
"Vé xem bóng đá V-League, 2 lon bia",Giải trí,gemini_synthetic,0.9
"Phòng hát VIP 2 tiếng, coca, bánh snack",Giải trí,gemini_synthetic,0.9
CGV Crescent Mall,Giải trí,gemini_synthetic,0.9
Karaoke King,Giải trí,gemini_synthetic,0.9
Vinpearl Land,Giải trí,gemini_synthetic,0.9
Bi-a Luxury,Giải trí,gemini_synthetic,0.9
"Vé xem phim Mai - 2 vé, Bắp rang bơ caramel lớn, Coca-Cola Zero",Giải trí,gemini_synthetic,0.9
"Phòng karaoke VIP 3 giờ, Bia Sài Gòn 12 lon, Đĩa hoa quả thập cẩm",Giải trí,gemini_synthetic,0.9
"2 vé bowling, Thuê giày 2 đôi, Nước suối Lavie",Giải trí,gemini_synthetic,0.9
"Giờ chơi bi-a 2.5h, Trà đá 2 ly, Bánh snack",Giải trí,gemini_synthetic,0.9
"Thẻ game Timezone 300k, Nước ép cam tươi",Giải trí,gemini_synthetic,0.9
"Vé vào cổng Suối Tiên 2 người, Vé tàu lượn siêu tốc, Kẹo bông gòn",Giải trí,gemini_synthetic,0.9
"Nạp Kim Cương Free Fire 500k, Thẻ đổi tên",Giải trí,gemini_synthetic,0.9
"Vé xem concert Blackpink hạng VVIP, Lightstick",Giải trí,gemini_synthetic,0.9
CGV Vincom Center,Giải trí,gemini_synthetic,0.9
Billiards New Vip,Giải trí,gemini_synthetic,0.9
Vinpearl Land Phú Quốc,Giải trí,gemini_synthetic,0.9
"Lotte Cinema Gò Vấp | Vé xem phim Lật Mặt 7 - 1 vé, Combo bắp nước lớn",Giải trí,gemini_synthetic,0.9
"BHD Star Thảo Điền | Vé xem phim hoạt hình Kungfu Panda 4 - 3 vé, Nước ngọt Fanta",Giải trí,gemini_synthetic,0.9
"Galaxy Cinema Nguyễn Du | Vé xem phim kinh dị Quỷ Cẩu, Bắp rang bơ phô mai",Giải trí,gemini_synthetic,0.9
"CGV Crescent Mall | Combo couple, Vé phim Conan Movie 27 - 2 vé",Giải trí,gemini_synthetic,0.9
"Karaoke Luxury | Phòng Super VIP 4 giờ, Rượu vang Đà Lạt, Khăn lạnh",Giải trí,gemini_synthetic,0.9
"Karaoke Doraemon | Tiền phòng karaoke 2.5h, Bia Tiger 6 chai, Mực khô nướng",Giải trí,gemini_synthetic,0.9
"NNice Karaoke | Giờ hát KTV 3h, Bắp ngọt, Nước suối Aquafina",Giải trí,gemini_synthetic,0.9
"King Karaoke | Phòng VIP, Bia Heniken 1 thùng, Gói bim bim",Giải trí,gemini_synthetic,0.9
"Bi-a Club 68 | Giờ chơi bi-a 3h bàn số 10, Nước tăng lực Sting",Giải trí,gemini_synthetic,0.9
"Bowling Saigon Pearl | Vé chơi bowling 3 game, Thuê giày 1 đôi, Pepsi",Giải trí,gemini_synthetic,0.9
"Dream Games Bowling | 2 ván bowling, Thuê giầy, Nước ngọt",Giải trí,gemini_synthetic,0.9
"Billiards 999 | 1.5h chơi bi-a, Trà đào",Giải trí,gemini_synthetic,0.9
"Timezone Aeon Mall | Thẻ nạp 500k, Mua gấu bông đổi xu",Giải trí,gemini_synthetic,0.9
"Kingfun Gaming | Nạp thẻ game 200k, Nước lọc",Giải trí,gemini_synthetic,0.9
"Vinpearl Land Nha Trang | Vé vào cổng người lớn, Vé chơi trò chơi cảm giác mạnh",Giải trí,gemini_synthetic,0.9
"Đầm Sen Nước | Vé trọn gói, Bánh mì kẹp xúc xích, Kem",Giải trí,gemini_synthetic,0.9
"Thao Dien Village | Vé vào khu vui chơi trẻ em, Bánh ngọt",Giải trí,gemini_synthetic,0.9
"Sân vận động Mỹ Đình | Vé xem bóng đá Việt Nam vs Thái Lan, Khăn cổ vũ",Giải trí,gemini_synthetic,0.9
"Ticketbox | Vé concert Rap Việt All-Star, Áo thun lưu niệm",Giải trí,gemini_synthetic,0.9
"VR Game Center | Giờ chơi VR 1h, Nước chanh",Giải trí,gemini_synthetic,0.9
"The Coffee House | Board game thuê 2h, Nước ép dứa",Giải trí,gemini_synthetic,0.9
"Board Game Station | Tiền giờ chơi board game 3h, Khoai tây chiên",Giải trí,gemini_synthetic,0.9
"TiNiWorld | Vé vào cổng 1 người lớn 1 trẻ em, Snack rong biển",Giải trí,gemini_synthetic,0.9
"Pool Pub | 2h chơi pool, Coca-cola chai",Giải trí,gemini_synthetic,0.9
"Game Bắn Cá Siêu Thị | 500 điểm game, Nước dừa tươi",Giải trí,gemini_synthetic,0.9
"Go Karting Land | Vé lái xe karting 15p, Nước suối",Giải trí,gemini_synthetic,0.9
"Khu Vui Chơi Thỏ Trắng | Vé trọn gói, Kẹo mút",Giải trí,gemini_synthetic,0.9
"CGV Vincom | 2 vé xem phim Barbie, Bắp phô mai, Sprite",Giải trí,gemini_synthetic,0.9
"CGV Vincom | Vé xem phim Avatar 2D 2 vé, combo bắp nước lớn",Giải trí,gemini_synthetic,0.9
"Lotte Cinema Gò Vấp | Vé xem phim Khắc Tinh Của Quỷ, Pepsi 2 ly",Giải trí,gemini_synthetic,0.9
"BHD Star Bitexco | Vé phim Đất Rừng Phương Nam, Bắp ngọt, Nước suối",Giải trí,gemini_synthetic,0.9
"Karaoke Luxury | Phòng VIP 3 giờ, Bia Tiger 12 lon, Đĩa hoa quả",Giải trí,gemini_synthetic,0.9
"Karaoke New Sky | Tiền phòng 2.5 giờ, Sting dâu 3 chai, Mực khô",Giải trí,gemini_synthetic,0.9
"Karaoke Nốt Nhạc Vui | Phòng hát gia đình 2 tiếng, Sprite 4, Khăn lạnh",Giải trí,gemini_synthetic,0.9
"Billiards New Vip | Giờ chơi bi-a 3h bàn 7, Coca-Cola 3 ly",Giải trí,gemini_synthetic,0.9
"Bi-a Club 68 | Thuê bàn bi-a 2 giờ, Nước tăng lực Redbull 2",Giải trí,gemini_synthetic,0.9
"Bowling Saigon Pearl | Vé chơi bowling 3 ván, Mua giày thuê",Giải trí,gemini_synthetic,0.9
"Sân Bóng đá Thống Nhất | Vé xem V-League HAGL vs CLB Hà Nội, Bánh mì",Giải trí,gemini_synthetic,0.9
"Nhà hát Hòa Bình | Vé concert Đen Vâu, Nước lọc",Giải trí,gemini_synthetic,0.9
"Timezone Aeon Mall | Thẻ game 300k, Thú nhồi bông",Giải trí,gemini_synthetic,0.9
"Kingfun Gaming Center | Giờ chơi máy tính 4 tiếng, Mì ly",Giải trí,gemini_synthetic,0.9
"Vinpearl Land Phú Quốc | Vé vào cổng người lớn, Vé trò chơi cảm giác mạnh",Giải trí,gemini_synthetic,0.9
"Khu Vui Chơi Thỏ Trắng | Vé trọn gói các trò chơi, Bắp rang",Giải trí,gemini_synthetic,0.9
"CGV Aeon Mall Long Biên | 2 vé xem phim Kungfu Panda 4, Bắp rang lớn, Nước ngọt vừa",Giải trí,gemini_synthetic,0.9
"Lotte Cinema | Vé xem phim kinh dị 21h00 suất cuối, Khoai tây chiên",Giải trí,gemini_synthetic,0.9
"Karaoke Gia Đình Nice | Phòng KTV 2 giờ, Bia Sài Gòn 6 chai, Trái cây dĩa",Giải trí,gemini_synthetic,0.9
"Billiards 147 | Thuê bàn bi-a 2h30', Cà phê sữa đá 2 ly",Giải trí,gemini_synthetic,0.9
"Bowling BigC | Chơi 2 ván bowling, Thuê giày",Giải trí,gemini_synthetic,0.9
"Nhà hát Tuổi trẻ | Vé xem kịch thiếu nhi, Nước cam",Giải trí,gemini_synthetic,0.9
"Game Center Hero World | Nạp thẻ game 200k, Đổi quà",Giải trí,gemini_synthetic,0.9
Garena | Nạp thẻ Sò Liên Quân Mobile 100k,Giải trí,gemini_synthetic,0.9
"Suối Tiên | Vé cổng người lớn, Vé Tàu Lượn Siêu Tốc",Giải trí,gemini_synthetic,0.9
"CGV VivoCity | Vé xem ""Mai"" suất đặc biệt, Combo 1 bắp 2 nước",Giải trí,gemini_synthetic,0.9
"Karaoke Ibox | Tiền phòng hát 3 tiếng, Bia 333 6 lon, Mực nướng",Giải trí,gemini_synthetic,0.9
"Billiards 999 | Giờ chơi bida 2h, Nước ngọt",Giải trí,gemini_synthetic,0.9
"Sân vận động Mỹ Đình | Vé xem AFF Cup Việt Nam vs Thái Lan, Khăn lưu niệm",Giải trí,gemini_synthetic,0.9
"Vé xem phim John Wick 4, Bắp rang bơ, Coca-Cola",Giải trí,gemini_synthetic,0.9
"Tiền phòng karaoke 2 giờ, Bia Heineken 6 lon, Hạt hướng dương",Giải trí,gemini_synthetic,0.9
"Giờ chơi billiards 3 tiếng, Nước ép cam",Giải trí,gemini_synthetic,0.9
"Vé chơi bowling 2 ván, Bánh snack",Giải trí,gemini_synthetic,0.9
"Nạp thẻ game 500k, Đổi skin Free Fire",Giải trí,gemini_synthetic,0.9
"Vé vào cổng công viên nước, Thuê phao bơi",Giải trí,gemini_synthetic,0.9
"Vé concert Westlife, Nước suối chai",Giải trí,gemini_synthetic,0.9
"Chơi game bắn cá, Đổi thưởng đồ chơi",Giải trí,gemini_synthetic,0.9
Karaoke Nnice,Giải trí,gemini_synthetic,0.9
Timezone Sài Gòn Centre,Giải trí,gemini_synthetic,0.9
Vinpearl Land Nha Trang,Giải trí,gemini_synthetic,0.9
Karaoke KingZone,Giải trí,gemini_synthetic,0.9
Billiards 68,Giải trí,gemini_synthetic,0.9
Timezone Aeon Mall Hà Đông,Giải trí,gemini_synthetic,0.9
"Vé xem phim Mai 2D, Bắp rang bơ combo lớn",Giải trí,gemini_synthetic,0.9
"Tiền phòng karaoke 3 giờ, Coca-cola 4 lon, Khô gà xé cay",Giải trí,gemini_synthetic,0.9
"Giờ chơi bi-a 2h30, Trà đá 2 ly",Giải trí,gemini_synthetic,0.9
"Vé chơi bowling 2 ván, Thuê giày 2 đôi",Giải trí,gemini_synthetic,0.9
"Thẻ game 300k, Nạp xu bắn cá",Giải trí,gemini_synthetic,0.9
"Vé vào cổng Suối Tiên, Vé tàu lượn siêu tốc",Giải trí,gemini_synthetic,0.9
"Nạp Kim Cương Free Fire 150k, Thẻ Zing 50k",Giải trí,gemini_synthetic,0.9
"Vé xem bóng đá Việt Nam vs Thái Lan, Bắp luộc",Giải trí,gemini_synthetic,0.9
"Lotte Cinema Gò Vấp | Vé xem phim Quỷ Cẩu 2 vé, Combo bắp nước lớn",Giải trí,gemini_synthetic,0.9
"BHD Star Bitexco | Vé chiếu sớm Godzilla x Kong, Mua thêm bắp ngọt",Giải trí,gemini_synthetic,0.9
"Galaxy Nguyễn Du | Vé xem phim Lật Mặt 7, Nước ngọt Pepsi 2 chai",Giải trí,gemini_synthetic,0.9
"Cinestar Quốc Thanh | Vé xem phim thiếu nhi 3D, Bắp phô mai size M",Giải trí,gemini_synthetic,0.9
"CGV Crescent Mall | Vé suất chiếu đặc biệt, Pepsi lon, Hotdog",Giải trí,gemini_synthetic,0.9
"Karaoke Nốt Nhạc Vui | Phòng VIP 2h, Tiger lon 6 chai, Đĩa trái cây tổng hợp",Giải trí,gemini_synthetic,0.9
"ICool Karaoke | Tiền phòng 4 tiếng, Bia Sài Gòn 10 lon, Mỳ gói bò né",Giải trí,gemini_synthetic,0.9
"Karaoke New Sky | Phòng đôi 3h30, Nước suối 3 chai, Bò khô miếng",Giải trí,gemini_synthetic,0.9
"King Karaoke Nguyễn Duy Trinh | Chi phí phòng hát, Bia 333 1 két, Snack Poca",Giải trí,gemini_synthetic,0.9
"Karaoke TopOne Gò Vấp | Hát theo giờ, Mực khô nướng, Sprite lon",Giải trí,gemini_synthetic,0.9
"Billiards New Vip | Giờ chơi bàn 3, Nước cam tươi 2 ly, Khăn lạnh",Giải trí,gemini_synthetic,0.9
"Bi-a Club 68 | Thuê bàn bi-a 3h, Redbull 2 lon",Giải trí,gemini_synthetic,0.9
"Bowling Saigon Pearl | Vé chơi 3 ván, Thuê giày 1 đôi, Bánh mì kẹp",Giải trí,gemini_synthetic,0.9
"Powerbowl 300 | Lượt chơi bowling, Nước ngọt Fanta, Khoai tây chiên",Giải trí,gemini_synthetic,0.9
"Timezone SC VivoCity | Nạp thẻ 500k, Vé game đua xe",Giải trí,gemini_synthetic,0.9
"Go Kart Vietnam | Vé lượt đua xe kart, Thuê mũ bảo hiểm",Giải trí,gemini_synthetic,0.9
"Jump Arena | Vé vào cổng khu vui chơi, Nước tăng lực",Giải trí,gemini_synthetic,0.9
"VinWonders Phú Quốc | Vé vào cổng, Vé xem show Tinh Hoa Việt Nam",Giải trí,gemini_synthetic,0.9
"Đầm Sen Nước | Vé trọn gói, Vé nhà ma",Giải trí,gemini_synthetic,0.9
"KizCiti | Vé trẻ em, Vé phụ huynh, Mua kem",Giải trí,gemini_synthetic,0.9
"Ticketbox | Vé concert Rap Việt All-Star, Phí dịch vụ",Giải trí,gemini_synthetic,0.9
"My Music | Vé xem kịch thiếu nhi, Bắp rang bơ nhỏ",Giải trí,gemini_synthetic,0.9
"Khu vui chơi Helio Center | Vé trọn gói khu vui chơi trẻ em, Bắp ngọt nhỏ",Giải trí,gemini_synthetic,0.9
"CGV Sài Gòn | Vé xem phim 4D, Combo nước + bỏng",Giải trí,gemini_synthetic,0.9
"Karafun | Phòng hát 2h30, Bia Tiger Crystal 6 lon",Giải trí,gemini_synthetic,0.9
"Billiards T&T | Giờ chơi 4h, Café sữa đá",Giải trí,gemini_synthetic,0.9
"Lotte Cinema Times City | Vé phim hoạt hình 2D, Bắp rang bơ combo lớn",Giải trí,gemini_synthetic,0.9
"Game Center Coopmart | Thẻ game 200k, Vé trò chơi VR",Giải trí,gemini_synthetic,0.9
"CGV Vincom Center | Vé xem phim ""Lật Mặt 7"" 2D (2 vé), Bắp rang bơ caramel lớn, Coca Cola Zero",Giải trí,gemini_synthetic,0.9
"Lotte Cinema Gò Vấp | Vé phim ""Godzilla x Kong"" (1 vé), Nước ngọt Sprite vừa",Giải trí,gemini_synthetic,0.9
CÔNG TY CỔ PHẦN ĐÔ THỊ CAM RANH | Sản xuất,Hoá đơn tiện ích,manual,1.0
"SH1, SH2, SH3, SH4",Hoá đơn tiện ích,manual,1.0
CÔNG TY CP NƯỚC THỦ ĐỨC | Tiền nước,Hoá đơn tiện ích,auto_verified,0.8
"BIÊN NHẬN THANH TOÁN TIỀN ĐIỆN | DNTT, DNTT, DNTT, DNTT",Hoá đơn tiện ích,auto_verified,0.8
EVN TP.HCM | Tiền điện tháng 3/2024 - 215 kWh,Hoá đơn tiện ích,gemini_synthetic,0.9
FPT Telecom | Cước internet gói 100Mbps tháng 5,Hoá đơn tiện ích,gemini_synthetic,0.9
Viettel | Cước điện thoại trả sau tháng 4,Hoá đơn tiện ích,gemini_synthetic,0.9
"Sawaco | Tiền nước sinh hoạt tháng 5/2024, 12m3",Hoá đơn tiện ích,gemini_synthetic,0.9
"PetroVietnam Gas | Gas bình 12kg, phí vận chuyển",Hoá đơn tiện ích,gemini_synthetic,0.9
"VNPT | Cước internet FiberVNN, điện thoại cố định tháng 6",Hoá đơn tiện ích,gemini_synthetic,0.9
VTVcab | Phí thuê bao truyền hình cáp tháng 7,Hoá đơn tiện ích,gemini_synthetic,0.9
"MobiFone | Cước di động trả sau 090xxxxxxxx, tháng 8",Hoá đơn tiện ích,gemini_synthetic,0.9
"EVNHCMC | Điện năng tiêu thụ 280 kWh, tháng 9",Hoá đơn tiện ích,gemini_synthetic,0.9
"Công ty TNHH MTV Nước Sạch Hà Nội | Hóa đơn nước sạch tháng 10, 15m3",Hoá đơn tiện ích,gemini_synthetic,0.9
"Saigon Gas | Đổi bình gas 12kg loại Total, giao tận nơi",Hoá đơn tiện ích,gemini_synthetic,0.9
"Viettel Telecom | Thuê bao di động trả sau, gói Family tháng 11",Hoá đơn tiện ích,gemini_synthetic,0.9
FPT Play | Gói truyền hình FPT Play tháng 12,Hoá đơn tiện ích,gemini_synthetic,0.9
"EVN Hà Nội | Tiền điện kinh doanh tháng 1/2024, 550 kWh",Hoá đơn tiện ích,gemini_synthetic,0.9
SCTV | Thuê bao truyền hình cáp + internet tốc độ cao,Hoá đơn tiện ích,gemini_synthetic,0.9
Công ty CP Cấp nước Thừa Thiên Huế | Tiền nước sinh hoạt 22m3,Hoá đơn tiện ích,gemini_synthetic,0.9
Ban Quản Lý Chung Cư Vinhomes | Phí quản lý căn hộ tháng 2,Hoá đơn tiện ích,gemini_synthetic,0.9
VNPT VinaPhone | Cước di động trả sau tháng 3,Hoá đơn tiện ích,gemini_synthetic,0.9
EVN TP.HCM,Hoá đơn tiện ích,gemini_synthetic,0.9
Viettel,Hoá đơn tiện ích,gemini_synthetic,0.9
FPT Telecom,Hoá đơn tiện ích,gemini_synthetic,0.9
Sawaco,Hoá đơn tiện ích,gemini_synthetic,0.9
"Cước truyền hình cáp, Internet tốc độ cao tháng 4",Hoá đơn tiện ích,gemini_synthetic,0.9
Phí quản lý chung cư Rivera Park tháng 5,Hoá đơn tiện ích,gemini_synthetic,0.9
"Gas bình 12kg, chi phí vận chuyển",Hoá đơn tiện ích,gemini_synthetic,0.9
Điện năng tiêu thụ 180 kWh tháng 6,Hoá đơn tiện ích,gemini_synthetic,0.9
"Nước sạch tháng 7/2024, 15m3",Hoá đơn tiện ích,gemini_synthetic,0.9
"Cước điện thoại trả sau 098xxxxxxx, tháng 8",Hoá đơn tiện ích,gemini_synthetic,0.9
"Phí dịch vụ internet FPT, gói Giga",Hoá đơn tiện ích,gemini_synthetic,0.9
Tiền nước sinh hoạt tháng 9/2024,Hoá đơn tiện ích,gemini_synthetic,0.9
"Tổng Công ty Điện lực miền Nam | Điện lực hộ gia đình, tháng 10",Hoá đơn tiện ích,gemini_synthetic,0.9
"Thành Hà Gas | Đổi bình gas 12kg, van gas mới",Hoá đơn tiện ích,gemini_synthetic,0.9
"EVNHCMC | Tiền điện thág 11/2024, 290kwh",Hoá đơn tiện ích,gemini_synthetic,0.9
"FPT Telecom | Cước internet cáp quang, gói Super200",Hoá đơn tiện ích,gemini_synthetic,0.9
"VNPT | Cước điện thoại bàn, internet cáp quang",Hoá đơn tiện ích,gemini_synthetic,0.9
"Viettel | Cước 4G trả sau, tháng 12",Hoá đơn tiện ích,gemini_synthetic,0.9
"VTVcab | Phí thuê bao truyền hình, gói K+",Hoá đơn tiện ích,gemini_synthetic,0.9
"PetroVietnam Gas | Gas đường ống, phí bảo trì",Hoá đơn tiện ích,gemini_synthetic,0.9
EVN TP.HCM | Tiền điện tháng 4/2024 - 180 kWh,Hoá đơn tiện ích,gemini_synthetic,0.9
"Công ty TNHH MTV Nước Sạch Hà Nội | Cước nước sinh hoạt tháng 3, Nước sạch 15m3",Hoá đơn tiện ích,gemini_synthetic,0.9
"VNPT | Cước internet FiberVNN tháng 5, Dịch vụ MegaWan",Hoá đơn tiện ích,gemini_synthetic,0.9
"Viettel | Cước điện thoại trả sau tháng 4, Gói cước V90N",Hoá đơn tiện ích,gemini_synthetic,0.9
"FPT Telecom | Phí internet cáp quang gói Giga tháng 6, Dịch vụ truyền hình FPT Play",Hoá đơn tiện ích,gemini_synthetic,0.9
"Saigon Gas | Đặt gas bình 12kg, Phí giao hàng",Hoá đơn tiện ích,gemini_synthetic,0.9
"VTVcab | Thuê bao truyền hình cáp tháng 5, Gói K+",Hoá đơn tiện ích,gemini_synthetic,0.9
"Ban Quản lý Chung cư Vinhomes | Phí quản lý căn hộ tháng 6, Phí vệ sinh",Hoá đơn tiện ích,gemini_synthetic,0.9
"EVN Hà Nội | Hóa đơn điện tháng 3, Chỉ số điện 250kWh",Hoá đơn tiện ích,gemini_synthetic,0.9
"Sawaco | Tiền nước tháng 4, Nước tiêu thụ 18m3",Hoá đơn tiện ích,gemini_synthetic,0.9
"PetroVietnam Gas | Gas công nghiệp cho hộ gia đình, Bình gas 12kg",Hoá đơn tiện ích,gemini_synthetic,0.9
"MobiFone | Cước thuê bao trả sau tháng 5, Dịch vụ data",Hoá đơn tiện ích,gemini_synthetic,0.9
"SCTV | Cước truyền hình cáp tháng 6, Gói kênh HD",Hoá đơn tiện ích,gemini_synthetic,0.9
"EVNHCMC | Tiền điện sinh hoạt tháng 5/2024, Chỉ số 220 kWh",Hoá đơn tiện ích,gemini_synthetic,0.9
"Công ty Cổ phần Cấp nước Chợ Lớn | Hóa đơn nước tháng 3, 16 khối nước",Hoá đơn tiện ích,gemini_synthetic,0.9
"VNPT Vinaphone | Cước điện thoại cố định tháng 4, Dịch vụ internet ADSL",Hoá đơn tiện ích,gemini_synthetic,0.9
"Gas Petrolimex | Gas bình 12 ký, Van gas",Hoá đơn tiện ích,gemini_synthetic,0.9
"Viettel Telecom | Phí internet và truyền hình cáp tháng 5, Gói SuperNet",Hoá đơn tiện ích,gemini_synthetic,0.9
"EVN Miền Trung | Điện năng tiêu thụ tháng 4/2024, 200 kWh",Hoá đơn tiện ích,gemini_synthetic,0.9
"Công ty Cấp nước Gia Định | Tiền nước tháng 5, 20 khối",Hoá đơn tiện ích,gemini_synthetic,0.9
"FPT | Internet tốc độ cao tháng 7, FPT Play Box",Hoá đơn tiện ích,gemini_synthetic,0.9
"Ban Quản lý Tòa nhà Bitexco | Phí quản lý văn phòng tháng 6, Chi phí điện nước chung",Hoá đơn tiện ích,gemini_synthetic,0.9
"VNPT Hà Nội | Cước điện thoại bàn tháng 5, Internet cáp đồng",Hoá đơn tiện ích,gemini_synthetic,0.9
"EVN | Điện tháng 6, 280 số điện",Hoá đơn tiện ích,gemini_synthetic,0.9
"Sawaco TP.HCM | Nước tháng 7, 17m3",Hoá đơn tiện ích,gemini_synthetic,0.9
"Viettel Postpaid | Cước di động trả sau tháng 6, Gói combo data thoại",Hoá đơn tiện ích,gemini_synthetic,0.9
"Công ty CP Điện lực Khánh Hòa | Tiền điện tháng 5, 195 kWh",Hoá đơn tiện ích,gemini_synthetic,0.9
"Ban Quản lý Chung cư Ecopark | Phí dịch vụ quản lý tháng 7, Phí đổ rác",Hoá đơn tiện ích,gemini_synthetic,0.9
"Tiền điện tháng 3/2024, Điện năng tiêu thụ 210 kWh",Hoá đơn tiện ích,gemini_synthetic,0.9
"Cước nước sinh hoạt tháng 2, Nước sạch 14m3",Hoá đơn tiện ích,gemini_synthetic,0.9
"Phí internet tháng 4, Gói cáp quang 80Mbps",Hoá đơn tiện ích,gemini_synthetic,0.9
"Cước điện thoại trả sau tháng 3, Dịch vụ nhắn tin",Hoá đơn tiện ích,gemini_synthetic,0.9
"Hóa đơn gas bình 12kg, Phí vận chuyển",Hoá đơn tiện ích,gemini_synthetic,0.9
"Phí quản lý chung cư tháng 5, Tiền điện nước công cộng",Hoá đơn tiện ích,gemini_synthetic,0.9
"Cước truyền hình cáp tháng 4, Gói giải trí",Hoá đơn tiện ích,gemini_synthetic,0.9
"Điện nước tháng 6, 230 kWh điện, 16m3 nước",Hoá đơn tiện ích,gemini_synthetic,0.9
EVN Hà Nội,Hoá đơn tiện ích,gemini_synthetic,0.9
Ban Quản lý Chung cư An Bình,Hoá đơn tiện ích,gemini_synthetic,0.9
"EVN TP.HCM | Tiền điện tháng 3/2024, điện năng tiêu thụ 250 kWh",Hoá đơn tiện ích,gemini_synthetic,0.9
"Công ty Nước Sạch Hà Nội | Hóa đơn nước sinh hoạt tháng 2/2024, 15m3",Hoá đơn tiện ích,gemini_synthetic,0.9
FPT Telecom | Cước internet cáp quang 150Mbps tháng 4/2024,Hoá đơn tiện ích,gemini_synthetic,0.9
"Viettel | Cước thuê bao trả sau tháng 3, gói V150N",Hoá đơn tiện ích,gemini_synthetic,0.9
VTVcab | Phí dịch vụ truyền hình cáp tháng 5,Hoá đơn tiện ích,gemini_synthetic,0.9
Saigon Gas | Thanh toán tiền gas bình 12kg,Hoá đơn tiện ích,gemini_synthetic,0.9
Ban Quản Lý Chung Cư Royal City | Phí quản lý căn hộ tháng 6/2024,Hoá đơn tiện ích,gemini_synthetic,0.9
"Điện lực Bình Dương | Hóa đơn tiền điện kỳ 04/2024, 180 kWh",Hoá đơn tiện ích,gemini_synthetic,0.9
"Sawaco | Nước sạch sinh hoạt tháng 3, 22 khối",Hoá đơn tiện ích,gemini_synthetic,0.9
"VNPT | Cước internet FiberVNN tháng 5, gói Home Net",Hoá đơn tiện ích,gemini_synthetic,0.9
Mobifone | Cước di động trả sau tháng 4,Hoá đơn tiện ích,gemini_synthetic,0.9
SCTV | Tiền cáp và internet combo tháng 6,Hoá đơn tiện ích,gemini_synthetic,0.9
PetroVietnam Gas | Gas công nghiệp đường ống tháng 3,Hoá đơn tiện ích,gemini_synthetic,0.9
"EVNHCMC | Tiền điện sinh hoạt tháng 5/2024, 300kWh",Hoá đơn tiện ích,gemini_synthetic,0.9
"Công ty Nước Sạch Hải Phòng | Hóa đơn nước tháng 4, 18m3",Hoá đơn tiện ích,gemini_synthetic,0.9
FPT Play | Dịch vụ truyền hình internet tháng 3,Hoá đơn tiện ích,gemini_synthetic,0.9
Vinaphone | Cước thuê bao trả sau tháng 5,Hoá đơn tiện ích,gemini_synthetic,0.9
Công ty TNHH MTV Thoát nước Hà Nội | Phí thoát nước tháng 6,Hoá đơn tiện ích,gemini_synthetic,0.9
"Thành Hà Gas | Đổi bình gas 12kg, phí vận chuyển",Hoá đơn tiện ích,gemini_synthetic,0.9
"Điện lực Miền Bắc | Thanh toán tiền điện tháng 3, 210 số",Hoá đơn tiện ích,gemini_synthetic,0.9
VNPT | Cước điện thoại cố định tháng 4/2024,Hoá đơn tiện ích,gemini_synthetic,0.9
Viettel | Internet cáp quang Home N+ tháng 6,Hoá đơn tiện ích,gemini_synthetic,0.9
Ban Quản Lý Chung Cư Vinhomes | Phí dịch vụ quản lý tháng 7,Hoá đơn tiện ích,gemini_synthetic,0.9
"EVN | Tiền điện tháng 06/2024, 280 số",Hoá đơn tiện ích,gemini_synthetic,0.9
"Sawaco | Nước sinh hoạt tháng 05/2024, 25m3",Hoá đơn tiện ích,gemini_synthetic,0.9
FPT Telecom | Cước internet & TV combo tháng 7,Hoá đơn tiện ích,gemini_synthetic,0.9
"Mobifone | Cước trả sau tháng 6, gói M120",Hoá đơn tiện ích,gemini_synthetic,0.9
Công ty Gas Sài Gòn | Hóa đơn gas tháng 5,Hoá đơn tiện ích,gemini_synthetic,0.9
"Tiền điện tháng 3, 195 kWh",Hoá đơn tiện ích,gemini_synthetic,0.9
"Hóa đơn nước sinh hoạt tháng 4, 13 khối",Hoá đơn tiện ích,gemini_synthetic,0.9
Cước internet FPT gói Super200 tháng 5,Hoá đơn tiện ích,gemini_synthetic,0.9
Cước điện thoại trả sau tháng 6,Hoá đơn tiện ích,gemini_synthetic,0.9
"Phí quản lý chung cư tháng 7, dịch vụ vệ sinh",Hoá đơn tiện ích,gemini_synthetic,0.9
Hóa đơn gas bình 12kg,Hoá đơn tiện ích,gemini_synthetic,0.9
Tiền cáp truyền hình VTVcab tháng 8,Hoá đơn tiện ích,gemini_synthetic,0.9
"Điện năng tiêu thụ tháng 9, 220 kWh",Hoá đơn tiện ích,gemini_synthetic,0.9
VNPT,Hoá đơn tiện ích,gemini_synthetic,0.9
Ban Quản Lý Chung Cư Masteri,Hoá đơn tiện ích,gemini_synthetic,0.9
"EVN TP.HCM | Tiền điện tháng 3/2024, 215 kWh",Hoá đơn tiện ích,gemini_synthetic,0.9
"Công ty TNHH MTV Nước Sạch Hà Nội | Nước sinh hoạt tháng 2/2024, 15m3",Hoá đơn tiện ích,gemini_synthetic,0.9
FPT Telecom | Cước internet cáp quang gói Giga tháng 5/2024,Hoá đơn tiện ích,gemini_synthetic,0.9
Viettel Telecom | Cước thuê bao trả sau tháng 4,Hoá đơn tiện ích,gemini_synthetic,0.9
VTVcab | Phí thuê bao truyền hình cáp tháng 3,Hoá đơn tiện ích,gemini_synthetic,0.9
Ban Quản Lý Chung Cư Midtown | Phí quản lý căn hộ tháng 6,Hoá đơn tiện ích,gemini_synthetic,0.9
"Sawaco | Tiền nước sạch hộ gia đình tháng 5, 20 khối",Hoá đơn tiện ích,gemini_synthetic,0.9
"VNPT | Cước internet FiberVNN gói Home TV, cước điện thoại cố định",Hoá đơn tiện ích,gemini_synthetic,0.9
SCTV | Phí dịch vụ truyền hình K+ tháng 4,Hoá đơn tiện ích,gemini_synthetic,0.9
"EVN Hà Nội | Hóa đơn tiền điện tháng 2, chỉ số công tơ",Hoá đơn tiện ích,gemini_synthetic,0.9
MobiFone | Cước di động trả sau gói M129,Hoá đơn tiện ích,gemini_synthetic,0.9
Saigon Gas | Bình gas công nghiệp loại 45kg,Hoá đơn tiện ích,gemini_synthetic,0.9
CMC Telecom | Gói cước internet doanh nghiệp tháng 7,Hoá đơn tiện ích,gemini_synthetic,0.9
"Công ty Nước Thủ Đức | Tiền nước gia đình tháng 1, 18m3",Hoá đơn tiện ích,gemini_synthetic,0.9
Ban Quản Lý KĐT Vinhomes | Phí dịch vụ quản lý chung cư tháng 5,Hoá đơn tiện ích,gemini_synthetic,0.9
"EVNHCMC | Tiền điện sinh hoạt kỳ 4/2024, 300kWh",Hoá đơn tiện ích,gemini_synthetic,0.9
VinaPhone | Cước thuê bao trả sau tháng 3,Hoá đơn tiện ích,gemini_synthetic,0.9
Thành Hà Gas | Gas dân dụng bình 6kg,Hoá đơn tiện ích,gemini_synthetic,0.9
HTVC | Phí thuê bao truyền hình số tháng 6,Hoá đơn tiện ích,gemini_synthetic,0.9
"Viettel | Internet cáp quang gói Net1Plus, cước điện thoại bàn",Hoá đơn tiện ích,gemini_synthetic,0.9
"Công ty Nước Sạch Hải Phòng | Hóa đơn nước tháng 4, 10m3",Hoá đơn tiện ích,gemini_synthetic,0.9
"Ban Quản Lý Chung Cư The Manor | Phí quản lý chung cư, phí an ninh",Hoá đơn tiện ích,gemini_synthetic,0.9
"EVN Bình Dương | Điện năng tiêu thụ tháng 5, 250 kWh",Hoá đơn tiện ích,gemini_synthetic,0.9
"FPT Telecom | Cước internet FPT gói Super 200, phí modem",Hoá đơn tiện ích,gemini_synthetic,0.9
PetroVietnam Gas | Gas đường ống hộ gia đình tháng 3,Hoá đơn tiện ích,gemini_synthetic,0.9
VTVcab | Phí thuê bao truyền hình cáp HD,Hoá đơn tiện ích,gemini_synthetic,0.9
VNPT | Cước internet & truyền hình MyTV tháng 4,Hoá đơn tiện ích,gemini_synthetic,0.9
"Tiền điện tháng 1/2024, 180kWh",Hoá đơn tiện ích,gemini_synthetic,0.9
"Cước internet cáp quang, phí bảo trì",Hoá đơn tiện ích,gemini_synthetic,0.9
"Nước sinh hoạt gia đình, 12 khối",Hoá đơn tiện ích,gemini_synthetic,0.9
"Gas bình 12kg, tiền gas",Hoá đơn tiện ích,gemini_synthetic,0.9
"Phí quản lý chung cư tháng 7, phí vệ sinh",Hoá đơn tiện ích,gemini_synthetic,0.9
"Cước điện thoại trả sau, SMS quốc tế",Hoá đơn tiện ích,gemini_synthetic,0.9
"Thuê bao truyền hình số, gói kênh VTC",Hoá đơn tiện ích,gemini_synthetic,0.9
Điện nước sinh hoạt tháng 5,Hoá đơn tiện ích,gemini_synthetic,0.9
EVN HCMC,Hoá đơn tiện ích,gemini_synthetic,0.9
Ban Quản Lý Chung Cư Masteri Thảo Điền,Hoá đơn tiện ích,gemini_synthetic,0.9
"EVN Hà Nội | Tiền điện tháng 4/2024, điện năng tiêu thụ 180 kWh",Hoá đơn tiện ích,gemini_synthetic,0.9
Công ty Cổ phần Cấp nước Chợ Lớn | Nước sinh hoạt 15m3 tháng 3,Hoá đơn tiện ích,gemini_synthetic,0.9
"FPT Telecom | Cước internet cáp quang tháng 5, gói Super 150",Hoá đơn tiện ích,gemini_synthetic,0.9
"Viettel Telecom | Cước thuê bao trả sau tháng 4, cước di động",Hoá đơn tiện ích,gemini_synthetic,0.9
"PetroVietnam Gas | Gas dân dụng bình 12kg, chi phí vận chuyển",Hoá đơn tiện ích,gemini_synthetic,0.9
"Ban Quản lý Chung cư Masteri Thảo Điền | Phí quản lý chung cư tháng 6, phí bảo trì",Hoá đơn tiện ích,gemini_synthetic,0.9
"EVNHCMC | Tiền điện sinh hoạt 250 kWh, phụ phí môi trường",Hoá đơn tiện ích,gemini_synthetic,0.9
"VNPT TP.HCM | Cước internet FiberVNN tháng 5, cước điện thoại cố định",Hoá đơn tiện ích,gemini_synthetic,0.9
"VTVcab | Phí thuê bao truyền hình cáp tháng 4, gói HD",Hoá đơn tiện ích,gemini_synthetic,0.9
"Tổng Công ty Cấp nước Sài Gòn (Sawaco) | Tiền nước tháng 3/2024, nước sạch",Hoá đơn tiện ích,gemini_synthetic,0.9
"Gas Saigon Petro | Bình gas 12kg, dịch vụ giao gas tận nhà",Hoá đơn tiện ích,gemini_synthetic,0.9
"Mobifone | Cước di động trả sau tháng 5, gói data 4G",Hoá đơn tiện ích,gemini_synthetic,0.9
"Điện lực Miền Nam | Hoá đơn điện tháng 3, 310 kWh, thuế GTGT",Hoá đơn tiện ích,gemini_synthetic,0.9
"Công ty TNHH MTV Nước Sạch Hà Nội | Tiền nước sinh hoạt tháng 4, phí bảo vệ môi trường",Hoá đơn tiện ích,gemini_synthetic,0.9
"FPT Play | Gói truyền hình FPT Play Max, cước thuê bao tháng 6",Hoá đơn tiện ích,gemini_synthetic,0.9
"Viettel Postpaid | Cước điện thoại trả sau tháng 3, phí VAT",Hoá đơn tiện ích,gemini_synthetic,0.9
"Ban QLCC Vinhomes Central Park | Phí quản lý căn hộ tháng 7, phí vệ sinh",Hoá đơn tiện ích,gemini_synthetic,0.9
"Công ty Gas Dầu Khí Sài Gòn | Gas bình 12kg, van gas",Hoá đơn tiện ích,gemini_synthetic,0.9
EVN | Điện năng tiêu thụ 200 kWh tháng 5/2024,Hoá đơn tiện ích,gemini_synthetic,0.9
VNPT | Cước Internet & TV gói combo tháng 6,Hoá đơn tiện ích,gemini_synthetic,0.9
"SCTV | Thuê bao truyền hình cáp tháng 5, gói Kênh chọn lọc",Hoá đơn tiện ích,gemini_synthetic,0.9
"Mobifone | Cước trả sau tháng 4, gói cước M69",Hoá đơn tiện ích,gemini_synthetic,0.9
"Cty Cấp nước Hà Đông | Tiền nước tháng 5, nước sạch sinh hoạt",Hoá đơn tiện ích,gemini_synthetic,0.9
"Saigon Petro | Gas 12kg, chi phí lắp đặt",Hoá đơn tiện ích,gemini_synthetic,0.9
FPT | Cước Internet Giga tháng 7,Hoá đơn tiện ích,gemini_synthetic,0.9
"EVN HCMC | Tiền điện tháng 6/2024, công suất 280 kWh",Hoá đơn tiện ích,gemini_synthetic,0.9
"Viettel Telecom | Cước internet FTTN tháng 8, phí hòa mạng",Hoá đơn tiện ích,gemini_synthetic,0.9
"Ban Quản Lý Chung Cư Eco Green | Phí quản lý chung cư, phí gửi xe máy tháng 9",Hoá đơn tiện ích,gemini_synthetic,0.9
"Tiền điện tháng 3/2024, điện năng tiêu thụ 195 kWh",Hoá đơn tiện ích,gemini_synthetic,0.9
"Cước internet VNPT tháng 4, gói Home 100Mbps",Hoá đơn tiện ích,gemini_synthetic,0.9
"Nước sinh hoạt tháng 5, 18m3, phí xử lý nước thải",Hoá đơn tiện ích,gemini_synthetic,0.9
"Gas bình loại 12kg, phí đổi vỏ bình",Hoá đơn tiện ích,gemini_synthetic,0.9
"Cước truyền hình K+ tháng 6, gói thể thao",Hoá đơn tiện ích,gemini_synthetic,0.9
"Phí quản lý căn hộ tháng 7, phí dịch vụ chung",Hoá đơn tiện ích,gemini_synthetic,0.9
"Tiền điện sinh hoạt tháng 8, 220 kWh",Hoá đơn tiện ích,gemini_synthetic,0.9
"Cước điện thoại trả sau tháng 9, phí gọi ngoại mạng",Hoá đơn tiện ích,gemini_synthetic,0.9
Ban Quản lý Chung cư,Hoá đơn tiện ích,gemini_synthetic,0.9
"EVNHCMC | Tiền điện tháng 4/2024, Điện năng tiêu thụ 250 kWh",Hoá đơn tiện ích,gemini_synthetic,0.9
"Công ty TNHH MTV Nước Sạch Hà Nội | Tiền nước sinh hoạt tháng 3, Nước sạch 15m3",Hoá đơn tiện ích,gemini_synthetic,0.9
"VNPT | Cước internet MegaVNN tháng 5, Cước điện thoại cố định",Hoá đơn tiện ích,gemini_synthetic,0.9
FPT Telecom | Gói cước Combo Internet & Truyền hình FPT tháng 6,Hoá đơn tiện ích,gemini_synthetic,0.9
"Viettel | Cước thuê bao trả sau tháng 4, Gói thoại ưu đãi",Hoá đơn tiện ích,gemini_synthetic,0.9
Sawaco | Hóa đơn tiền nước hộ gia đình tháng 5/2024,Hoá đơn tiện ích,gemini_synthetic,0.9
"PetroVietnam Gas | Cước phí gas đường ống tháng 3, Phí dịch vụ",Hoá đơn tiện ích,gemini_synthetic,0.9
VTVcab | Phí thuê bao truyền hình cáp tháng 5,Hoá đơn tiện ích,gemini_synthetic,0.9
"Thành Hà Gas | Bình gas 12kg, Phí vận chuyển",Hoá đơn tiện ích,gemini_synthetic,0.9
Ban quản lý Chung cư Eco Green | Phí dịch vụ quản lý tháng 7/2024,Hoá đơn tiện ích,gemini_synthetic,0.9
"Tiền điện tháng 5, Điện năng 230 kWh",Hoá đơn tiện ích,gemini_synthetic,0.9
"Cước internet cáp quang, Cước truyền hình",Hoá đơn tiện ích,gemini_synthetic,0.9
"Nước sinh hoạt hộ gia đình tháng 4, Phí bảo vệ môi trường",Hoá đơn tiện ích,gemini_synthetic,0.9
SCTV,Hoá đơn tiện ích,gemini_synthetic,0.9
"BIÊN NHẬN THANH TOÁN TIỀN ĐIỆN | DNTT, DNTT",Hoá đơn tiện ích,synthetic,0.95
"CÔNG TY CP CẤP NƯỚC THỐT NỐT | Nước sinh hoạt mức D (10 m3), Nước sinh hoạt mức D (5 m3)",Hoá đơn tiện ích,synthetic,0.95
"SH1, SH3",Hoá đơn tiện ích,synthetic,0.95
CÔNG TY TNHH MỘT THÀNH VIÊN NƯỚC SẠCH HÀ NỘI | Nước,Hoá đơn tiện ích,synthetic,0.95
"SH3, SH2",Hoá đơn tiện ích,synthetic,0.95
CÔNG TY CP ĐIỆN NƯỚC AN GIANG | Điện tiêu thụ kỳ 07/2025 từ ngày đến ngày,Hoá đơn tiện ích,synthetic,0.95
Tổng Công ty Điện lực TP Hà Nội - Công ty Điện lực Thanh Trì | Điện tiêu thụ - Kỳ hóa đơn: Tháng 5/2022 từ 07/04/2022 đến 06/05/2022,Hoá đơn tiện ích,synthetic,0.95
"BIÊN NHẬN THANH TOÁN TIỀN ĐIỆN | DNTT, DNTT, DNTT",Hoá đơn tiện ích,synthetic,0.95
"SH4, SH3",Hoá đơn tiện ích,synthetic,0.95
"SH2, SH4",Hoá đơn tiện ích,synthetic,0.95
"NHÀ THUỐC BỆNH VIỆN ĐA KHOA HÀ ĐÔNG | TRIMOXTAL 500, Fogyma, Stiprol (Glycerol) 9g h/6 tub thụt, Povidon iod 10%/150ml, vòng tay một lần, BONE-ER Vitamin D3-K2",Sức khoẻ,manual,1.0
"CÔNG TY CỔ PHẦN DƯỢC PHẨM FPT LONG CHÂU | GĂNG TAY Y TẾ CÓ BỘT SUPER CARE LATEX POWDER EXAMINATION GLOVES SIZE M - HỘP 100 CÁI, CỒN 70 ĐỘ VĨNH PHÚC CÓ VÒI XỊT 500ML, URGOBAND 10CM X 4.5M - BĂNG THUN 3 MÓC, GẠC BẠO THẠCH LỚN 8CMDX10CMX12 LỚP BỊCH 10 MIẾNG, NƯỚC OXY GIÀ VĨNH PHÚC 3% 60ML, NATRI CLORID 0.9% F.T 500ML DUNG DỊCH SÚC MIỆNG, CHAI XỊT LẠNH GIẢM ĐAU SAU CHẤN THƯƠNG STARBALM COLD SPRAY NOVUM 150ML, GÔN BẠCH TUYẾT CẮT SĂN ZIGZAG 100G, URGO DURABLE 102 MIẾNG - BĂNG CÁ NHÂN VẢI ĐỎ ĐINH CAO, POVIDINE PHARMEDIC 90ML",Sức khoẻ,manual,1.0
"Bệnh Viện Từ Dũ - Nhà thuốc 227 Cống Quỳnh | Saferon, Gyfor 100ml, Clogin elle",Sức khoẻ,manual,1.0
"Khoa Binh Thuan | Phi tiem, Ve sinh thay bang, Phi Tieu Phau",Sức khoẻ,auto_verified,0.8
"Phòng Khám Đa Khoa Nguyễn Trãi | phí tiểu phẫu, Phí điều trị đốt, phí điều trị",Sức khoẻ,auto_verified,0.8
"CÔNG TY CỔ PHẦN DƯỢC PHẨM PHARMACITY | PMC Xịt Rua Tay Kho Hương Tra Xanh 18ml, Lacteol Sachet 340mg (H10goi), PMC Con 70 (500ml), Strepsils Original (24vien), DD Alfasept Handrub Lavitec (500ml), Salonsip (10goi), Panadol Extra - Moi (180vien)",Sức khoẻ,auto_verified,0.8
"Pharmacity | Charz Orange, Forza Diet Multivitamin, Farzincol 10mg",Sức khoẻ,auto_verified,0.8
"phi truyên dich, Phi bôi thuôc, Điều trị hông ngoại, Phẫu thuật cắt trĩ, Điện tim thường",Sức khoẻ,auto_verified,0.8
"BỆNH VIỆN BACH MAI NHÀ THUỐC SỐ 3 | Probioticslactomin plus 3g, Babyta, Newbutin SR, Imu Pro, Masumax",Sức khoẻ,auto_verified,0.8
"Pharmacity | Paracetamol 500mg, Vitamin C 1000mg, Oresol",Sức khoẻ,gemini_synthetic,0.9
"Nha Khoa Kim | Trám răng số 7, Lấy cao răng, Tẩy trắng răng",Sức khoẻ,gemini_synthetic,0.9
"California Fitness & Yoga | Gói tập gym 12 tháng, Huấn luyện viên cá nhân",Sức khoẻ,gemini_synthetic,0.9
"Long Châu | Amoxicillin 500mg, Thuốc nhỏ mắt V.Rohto, Khẩu trang y tế",Sức khoẻ,gemini_synthetic,0.9
"Bệnh viện Đa khoa Tâm Anh | Khám tổng quát, Xét nghiệm máu, Siêu âm bụng",Sức khoẻ,gemini_synthetic,0.9
"Elite Fitness | Thẻ hội viên 6 tháng, Gói yoga cơ bản",Sức khoẻ,gemini_synthetic,0.9
"Vitamin C 1000mg, Kẽm lọ 60 viên, Men tiêu hóa",Sức khoẻ,gemini_synthetic,0.9
"An Khang | Thuốc hạ sốt Hapacol, Băng gạc y tế, Nước muối sinh lý",Sức khoẻ,gemini_synthetic,0.9
"Phòng Khám Đa Khoa Hoàn Mỹ | Phí khám bệnh, Chụp X-quang phổi, Tư vấn da liễu",Sức khoẻ,gemini_synthetic,0.9
Gymmax Fitness,Sức khoẻ,gemini_synthetic,0.9
"Nhà thuốc Minh Châu | Dầu cá Omega-3, Viên uống Collagen, Kem chống nắng",Sức khoẻ,gemini_synthetic,0.9
"Creatine Monohydrate 300g, Whey Protein isolate 1kg, BCAA 2:1:1",Sức khoẻ,gemini_synthetic,0.9
"Mắt Kính 365 | Khám mắt chuyên sâu, Gọng kính cận, Tròng kính đổi màu",Sức khoẻ,gemini_synthetic,0.9
"FPT Pharma | Sữa rửa mặt ngừa mụn, Vitamin E 400IU, Gel bôi trơn",Sức khoẻ,gemini_synthetic,0.9
"Bệnh viện FV | Phí phẫu thuật nội soi, Thuốc giảm đau sau mổ",Sức khoẻ,gemini_synthetic,0.9
"Yoga Living | Gói 20 buổi yoga, Khăn tập microfiber",Sức khoẻ,gemini_synthetic,0.9
"Dụng cụ y tế Phương Mai | Máy đo huyết áp điện tử, Nhiệt kế hồng ngoại",Sức khoẻ,gemini_synthetic,0.9
"Viên uống bổ gan, Glucosamine 1500mg, Canxi D3",Sức khoẻ,gemini_synthetic,0.9
"Specsavers | Đo thị lực, Kính mắt cận loạn, Dung dịch rửa kính",Sức khoẻ,gemini_synthetic,0.9
"Pharmacity | Thuốc xịt mũi, Siro ho trẻ em, Bông y tế",Sức khoẻ,gemini_synthetic,0.9
"Trung Tâm Y Tế Quận 1 | Tiêm phòng cúm, Khám sức khỏe định kỳ",Sức khoẻ,gemini_synthetic,0.9
"Nha Khoa Sài Gòn | Nhổ răng khôn, Cạo vôi răng, Chụp phim X-quang",Sức khoẻ,gemini_synthetic,0.9
"Long Châu | Panadol Extra, Thuốc đau dạ dày, BVS y tế",Sức khoẻ,gemini_synthetic,0.9
"Whey Protein Gold Standard 2lbs, Pre-workout C4, Shaker",Sức khoẻ,gemini_synthetic,0.9
"California Fitness & Yoga | Gói bơi lội, Đăng ký lớp nhảy",Sức khoẻ,gemini_synthetic,0.9
"Medlatec | Gói xét nghiệm tầm soát ung thư, Khám phụ khoa",Sức khoẻ,gemini_synthetic,0.9
"Bệnh viện Chợ Rẫy | Chi phí cấp cứu, Thuốc điều trị tim mạch",Sức khoẻ,gemini_synthetic,0.9
"Thiết bị y tế Kim Long | Xe lăn tiêu chuẩn, Nạng tập đi",Sức khoẻ,gemini_synthetic,0.9
"Phòng Khám Đa Khoa Gia Định | Tư vấn dinh dưỡng, Khám nhi",Sức khoẻ,gemini_synthetic,0.9
"Viên uống bổ não Ginkgo Biloba, Sâm Alipas, Viên ngậm ho",Sức khoẻ,gemini_synthetic,0.9
"An Khang | Thuốc cảm cúm, Thuốc nhỏ mắt, Khẩu trang N95",Sức khoẻ,gemini_synthetic,0.9
"Elite Fitness | Thẻ tập gym & xông hơi, Gói huấn luyện viên",Sức khoẻ,gemini_synthetic,0.9
Nha Khoa Kim,Sức khoẻ,gemini_synthetic,0.9
"ECO Pharma | Vitamin tổng hợp, Dầu tràm, Kem dưỡng ẩm",Sức khoẻ,gemini_synthetic,0.9
"Fit24 | Gói tập gym 3 tháng, Sử dụng hồ bơi",Sức khoẻ,gemini_synthetic,0.9
"Protein thực vật, Hạt chia hữu cơ, Thực phẩm bổ sung sắt",Sức khoẻ,gemini_synthetic,0.9
"Mắt Kính 365 | Kính áp tròng, Nước ngâm kính, Thuốc nhỏ mắt chuyên dụng",Sức khoẻ,gemini_synthetic,0.9
"Pharmacity | Kem đánh răng chuyên dụng, Bàn chải điện, Nước súc miệng",Sức khoẻ,gemini_synthetic,0.9
Bệnh viện Đa khoa Tâm Anh,Sức khoẻ,gemini_synthetic,0.9
"Glucosamin HCL, Bổ khớp Cây Đa, Viatmin D3K2",Sức khoẻ,gemini_synthetic,0.9
"Pharmacity | Paracetamol 500mg h10v, Oresol cam, Băng cá nhân chống nc",Sức khoẻ,gemini_synthetic,0.9
"Nhà thuốc Long Châu | Vitamin C 1000mg lọ 100 viên, Thuốc nhỏ mắt V.Rohto, Khẩu trang y tế",Sức khoẻ,gemini_synthetic,0.9
"Bệnh Viện Đa Khoa Tâm Anh | Khám tổng quát, Xét nghiệm máu, Siêu âm ổ bụng",Sức khoẻ,gemini_synthetic,0.9
"California Fitness & Yoga Centers | Gói tập 6 tháng, Khăn tập thể thao, Bình nước giữ nhiệt",Sức khoẻ,gemini_synthetic,0.9
"Nha Khoa Kim | Lấy cao răng định kỳ, Trám răng sâu số 6",Sức khoẻ,gemini_synthetic,0.9
"Phòng Khám Đa Khoa Hoàn Mỹ | Phí tư vấn bác sĩ da liễu, Kem trị mụn ACN, Sữa rửa mặt y khoa",Sức khoẻ,gemini_synthetic,0.9
"An Khang Pharmacy | Omega-3, Bông gòn tiệt trùng, Nước muối sl",Sức khoẻ,gemini_synthetic,0.9
"Mắt Kính Sài Gòn | Khám thị lực, Gọng kính cận, Tròng kính đổi màu",Sức khoẻ,gemini_synthetic,0.9
"Gymmax Fitness | Thẻ tập gym 3 tháng, Protein Bar, Băng cổ tay tập tạ",Sức khoẻ,gemini_synthetic,0.9
"Bệnh viện FV | Khám chuyên khoa hô hấp, Thuốc hen, Xịt mũi",Sức khoẻ,gemini_synthetic,0.9
"Trung Tâm Y Tế Quận 1 | Tiêm phòng cúm mùa, Khám sức khỏe định kỳ",Sức khoẻ,gemini_synthetic,0.9
"FPT Long Châu | Kháng sinh Amoxicillin 500mg, Thuốc cảm cúm Hapacol, Dầu gió xanh",Sức khoẻ,gemini_synthetic,0.9
"Pharmacity | Kem chống nắng SPF 50+, Nước tẩy trang chuyên dụng, Bông tẩy trang",Sức khoẻ,gemini_synthetic,0.9
"Nha Khoa Paris | Cạo vôi răng, Đánh bóng răng",Sức khoẻ,gemini_synthetic,0.9
"Elite Fitness | Gói tập yoga 12 tháng, Thảm yoga, Dây kháng lực",Sức khoẻ,gemini_synthetic,0.9
"Bệnh Viện Chợ Rẫy | Khám cấp cứu, Chụp X-quang, Thuốc giảm đau",Sức khoẻ,gemini_synthetic,0.9
"Nhà thuốc Minh Khai | Sữa Ensure Gold 850g, Thuốc bổ xương khớp, Dầu gội đầu dược liệu",Sức khoẻ,gemini_synthetic,0.9
"Long Châu | Thuốc ho thảo dược, Nhiệt kế đt, Gel rửa tay khô",Sức khoẻ,gemini_synthetic,0.9
"Mắt Kính 365 | Kính áp tròng hàng tháng, Nước ngâm kính, Nhỏ mắt",Sức khoẻ,gemini_synthetic,0.9
"Phòng khám Nhi Đồng | Khám tổng quát cho bé, Thuốc hạ sốt Efferalgan, Siro ho Prospan",Sức khoẻ,gemini_synthetic,0.9
"Pharmacity | Thuốc đau dạ dày, Men tiêu hóa, Dung dịch vệ sinh phụ nữ",Sức khoẻ,gemini_synthetic,0.9
"California Fitness | Huấn luyện viên cá nhân (PT) 10 buổi, Đai lưng tập gym",Sức khoẻ,gemini_synthetic,0.9
"Bệnh Viện Quân Y 175 | Thuốc trị tiểu đường, Kiểm tra đường huyết",Sức khoẻ,gemini_synthetic,0.9
"Nhà thuốc An Khang | Bổ sung sắt cho bà bầu, Canxi D3, Sữa bầu",Sức khoẻ,gemini_synthetic,0.9
"Nha Khoa Việt Mỹ | Tẩy trắng răng, Tư vấn thẩm mỹ răng sứ",Sức khoẻ,gemini_synthetic,0.9
"FPT Pharmarcy | Gel bôi trơn, Bao cao su, Que thử thai",Sức khoẻ,gemini_synthetic,0.9
"Sun Fitness | Gói bơi lội 6 tháng, Mũ bơi, Kính bơi",Sức khoẻ,gemini_synthetic,0.9
"Bệnh viện Từ Dũ | Siêu âm thai định kỳ, Thuốc bổ cho mẹ bầu",Sức khoẻ,gemini_synthetic,0.9
"Para h10v, Siro ho cảm Ích Nhi, Dầu tràm",Sức khoẻ,gemini_synthetic,0.9
"Khám tổng quát, Điện tâm đồ, Siêu âm tuyến giáp",Sức khoẻ,gemini_synthetic,0.9
"TPCN bổ gan, Viên uống đẹp da Collagen, Dầu cá Omega 3",Sức khoẻ,gemini_synthetic,0.9
"Gói tập gym 1 năm, Huấn luyện viên cá nhân, Khăn thấm mồ hôi",Sức khoẻ,gemini_synthetic,0.9
"Kem đánh răng y tế, Nước súc miệng diệt khuẩn, Bàn chải điện",Sức khoẻ,gemini_synthetic,0.9
"Nhiệt kế hồng ngoại, Máy đo huyết áp điện tử, Khẩu trang N95",Sức khoẻ,gemini_synthetic,0.9
"Thuốc nhỏ mắt khô, Nước muối sl, Bông tai y tế",Sức khoẻ,gemini_synthetic,0.9
"Thuốc giảm đau hạ sốt, Vitamin tổng hợp, Băng gạc y tế",Sức khoẻ,gemini_synthetic,0.9
Pharmacity,Sức khoẻ,gemini_synthetic,0.9
California Fitness & Yoga Centers,Sức khoẻ,gemini_synthetic,0.9
"Pharmacity | Paracetamol 500mg hộp 10 vỉ, Gel bôi trĩ, Nước muối sinh lý",Sức khoẻ,gemini_synthetic,0.9
"Nhà Thuốc Long Châu | Vitamin C 1000mg, Khẩu trang y tế 3 lớp, Thuốc nhỏ mắt V.Rohto",Sức khoẻ,gemini_synthetic,0.9
"Bệnh Viện Đa Khoa Tâm Anh | Phí khám chuyên khoa hô hấp, Xét nghiệm công thức máu",Sức khoẻ,gemini_synthetic,0.9
"Nha Khoa Kim | Lấy cao răng định kỳ, Trám răng composite thẩm mỹ",Sức khoẻ,gemini_synthetic,0.9
"Mắt Kính Sài Gòn | Gọng kính cận, Mắt kính đổi màu, Dung dịch rửa kính",Sức khoẻ,gemini_synthetic,0.9
"California Fitness & Yoga | Gói tập gym 1 tháng, Lớp yoga cơ bản",Sức khoẻ,gemini_synthetic,0.9
"An Khang Pharmacy | Amoxicillin 500mg, Thuốc ho P/H, Băng cá nhân URGO",Sức khoẻ,gemini_synthetic,0.9
"Phòng Khám Đa Khoa Hoàn Mỹ | Khám tổng quát, Siêu âm bụng, Điện tâm đồ",Sức khoẻ,gemini_synthetic,0.9
"Pharmacity | Dầu nóng Thái Dương, Miếng dán hạ sốt, Khẩu trang N95",Sức khoẻ,gemini_synthetic,0.9
"Long Châu | Thực phẩm chức năng bổ gan, Sữa rửa mặt Cetaphil, Kem chống nắng SPF50",Sức khoẻ,gemini_synthetic,0.9
"Bệnh Viện 115 | Phí cấp cứu, Chụp X-quang phổi, Thuốc giảm đau Ibuprofen",Sức khoẻ,gemini_synthetic,0.9
"Nha Khoa Paris | Tẩy trắng răng, Khám tư vấn implant",Sức khoẻ,gemini_synthetic,0.9
"Specsavers | Kính mắt đa tròng, Dịch vụ đo mắt chuyên sâu",Sức khoẻ,gemini_synthetic,0.9
"Elite Fitness | Gói hội viên 3 tháng, Huấn luyện viên cá nhân 10 buổi",Sức khoẻ,gemini_synthetic,0.9
"Trung Tâm Y Tế Quận 1 | Tiêm phòng cúm, Tư vấn sức khỏe sinh sản",Sức khoẻ,gemini_synthetic,0.9
"Pharmacity | Bổ sung sắt cho bà bầu, Canxi D3, Viên uống Omega-3",Sức khoẻ,gemini_synthetic,0.9
"FPT Long Châu | Thuốc dạ dày chữ Y, Siro ho trẻ em, Nhiệt kế điện tử Omron",Sức khoẻ,gemini_synthetic,0.9
"Bệnh Viện Chợ Rẫy | Xét nghiệm tiểu đường, Khám tim mạch, Thuốc huyết áp Amlodipine",Sức khoẻ,gemini_synthetic,0.9
"Nha Khoa Lan Anh | Nhổ răng khôn, Chụp X-quang quanh chóp",Sức khoẻ,gemini_synthetic,0.9
"Mắt Kính 365 | Tròng kính cận chống chói, Gọng kính Titanium",Sức khoẻ,gemini_synthetic,0.9
"Gymmax Fitness | Gói bơi lội 6 tháng, Lớp aerobic",Sức khoẻ,gemini_synthetic,0.9
"Phòng khám FV | Phí khám nhi khoa, Tiêm vắc xin 6in1",Sức khoẻ,gemini_synthetic,0.9
"Nhà Thuốc An Khang | Thuốc cảm cúm Hapacol, Kem đánh răng Sensodyne",Sức khoẻ,gemini_synthetic,0.9
"Tâm Anh General Hospital | Nội soi dạ dày, Sinh thiết",Sức khoẻ,gemini_synthetic,0.9
Nha Khoa Sài Gòn | Niềng răng mắc cài kim loại,Sức khoẻ,gemini_synthetic,0.9
"California Wow Xperience | Gói tập thể dục nhóm, Ghế massage thư giãn",Sức khoẻ,gemini_synthetic,0.9
"Long Châu | Thuốc kháng sinh Cefixim 200mg, Bông y tế, Cồn sát khuẩn",Sức khoẻ,gemini_synthetic,0.9
"Pharmacity | Sữa Ensure Gold 850g, Máy đo huyết áp điện tử",Sức khoẻ,gemini_synthetic,0.9
"Paracetamol 500mg, Vitamin E 400IU, Băng gạc y tế",Sức khoẻ,gemini_synthetic,0.9
"Khám tổng quát, Siêu âm tuyến giáp, Xét nghiệm chức năng gan",Sức khoẻ,gemini_synthetic,0.9
"Gói tập gym 1 năm, Huấn luyện viên cá nhân",Sức khoẻ,gemini_synthetic,0.9
"Thuốc nhỏ mắt Systane, Nước muối rửa mũi, Viên sủi Alka Seltzer",Sức khoẻ,gemini_synthetic,0.9
"Whey Protein Isolate 2kg, BCAA powder, Multivitamin tổng hợp",Sức khoẻ,gemini_synthetic,0.9
"Khám nha khoa định kỳ, Tẩy trắng răng, Trám răng",Sức khoẻ,gemini_synthetic,0.9
"Mắt kính cận loạn, Tròng chống tia UV",Sức khoẻ,gemini_synthetic,0.9
"Thuốc hạ sốt, Oresol, Kem chống muỗi Soffell",Sức khoẻ,gemini_synthetic,0.9
Bệnh Viện Phụ Sản Từ Dũ,Sức khoẻ,gemini_synthetic,0.9
California Fitness & Yoga,Sức khoẻ,gemini_synthetic,0.9
Nhà Thuốc Phương Chính,Sức khoẻ,gemini_synthetic,0.9
Nha Khoa Family,Sức khoẻ,gemini_synthetic,0.9
"Pharmacity | Paracetamol 500mg hộp 10 vỉ, Vitamin C 1000mg, Khẩu trang y tế 3 lớp",Sức khoẻ,gemini_synthetic,0.9
"Long Châu | Amoxicillin 500mg, Thuốc nhỏ mắt V.Rohto, Băng dán cá nhân",Sức khoẻ,gemini_synthetic,0.9
"Bệnh Viện Đa Khoa Tâm Anh | Khám tổng quát, Xét nghiệm máu cơ bản, Siêu âm bụng",Sức khoẻ,gemini_synthetic,0.9
"Nha Khoa Kim | Lấy cao răng, Trám răng composite, Nhổ răng số 8",Sức khoẻ,gemini_synthetic,0.9
"California Fitness & Yoga | Gói tập gym 6 tháng, Lớp yoga Hatha, Thuê PT 5 buổi",Sức khoẻ,gemini_synthetic,0.9
"Mắt Kính 365 | Cắt kính cận, Gọng kính Titanium, Dung dịch rửa mắt kính",Sức khoẻ,gemini_synthetic,0.9
"Vinmec | Phí khám bác sĩ chuyên khoa Nhi, Gói tiêm vắc xin 6 trong 1, Thuốc ho Pectrans",Sức khoẻ,gemini_synthetic,0.9
"Elite Fitness | Thẻ thành viên 1 năm, Khóa học bơi nâng cao, Dịch vụ xông hơi",Sức khoẻ,gemini_synthetic,0.9
"Phòng Khám Đa Khoa Hoàn Mỹ | Xét nghiệm chức năng gan, Chụp X-quang phổi, Tư vấn dinh dưỡng",Sức khoẻ,gemini_synthetic,0.9
"Pharmacity | Oresol gói, Gel rửa tay khô 500ml, Dầu gió xanh",Sức khoẻ,gemini_synthetic,0.9
"Long Châu | Glucosamine 1500mg, Sữa Ensure Gold 400g, Berocca Performance",Sức khoẻ,gemini_synthetic,0.9
"FPT Pharma | Nhiệt kế hồng ngoại, Bông y tế tiệt trùng, Cồn 90 độ",Sức khoẻ,gemini_synthetic,0.9
"Gymmax Fitness | Đăng ký gói Gold 3 tháng, Lớp Zumba, Nước uống thể thao",Sức khoẻ,gemini_synthetic,0.9
"Nha Khoa Paris | Tẩy trắng răng Laser Whitening, Niềng răng mắc cài, Khám tổng quát răng miệng",Sức khoẻ,gemini_synthetic,0.9
"Medlatec | Gói xét nghiệm tầm soát ung thư, Lấy mẫu tại nhà, Kết quả online",Sức khoẻ,gemini_synthetic,0.9
"Bệnh viện Mắt TP.HCM | Khám mắt định kỳ, Phẫu thuật Lasik, Kính áp tròng",Sức khoẻ,gemini_synthetic,0.9
"An Khang | Omega-3 Fish Oil 1000mg, Vitamin tổng hợp One A Day, Viên uống bổ gan",Sức khoẻ,gemini_synthetic,0.9
"Thiết Bị Y Tế Minh Khang | Máy đo huyết áp điện tử Omron, Nhiệt kế thủy ngân, Cây nạng",Sức khoẻ,gemini_synthetic,0.9
"Yoga Plus | Khóa học Yoga bầu, Lớp Thiền định, Thảm tập yoga cao cấp",Sức khoẻ,gemini_synthetic,0.9
"Vinmec | Khám thai định kỳ, Siêu âm 4D, Thuốc bổ sung sắt cho mẹ bầu",Sức khoẻ,gemini_synthetic,0.9
"Pharmacity | Băng gạc y tế, Thuốc cảm cúm Hapacol, Nước súc miệng Listerine",Sức khoẻ,gemini_synthetic,0.9
"Long Châu | Thuốc tiêu hóa Pepsine, Bổ sung Canxi D3, Xịt họng Betadine",Sức khoẻ,gemini_synthetic,0.9
"Bệnh viện FV | Phí phẫu thuật nội soi, Phòng nghỉ dưỡng VIP, Thuốc giảm đau",Sức khoẻ,gemini_synthetic,0.9
"Hệ thống tiêm chủng VNVC | Tiêm vắc xin cúm mùa, Vắc xin thủy đậu, Khám sàng lọc trước tiêm",Sức khoẻ,gemini_synthetic,0.9
"California Fitness | Gói gym sv 12th, pt cá nhân 10 buổi, nước khoáng",Sức khoẻ,gemini_synthetic,0.9
"Mắt Kính Sài Gòn | Tròng kính chống ánh sáng xanh, Gọng kính cận nam, Hộp đựng kính",Sức khoẻ,gemini_synthetic,0.9
"Phòng Khám Việt Hàn | Khám da liễu, Điều trị mụn trứng cá, Thuốc bôi ngoài da",Sức khoẻ,gemini_synthetic,0.9
"An Khang | Thuốc trị nấm da, Dung dịch vệ sinh phụ nữ, Khẩu trang y tế N95",Sức khoẻ,gemini_synthetic,0.9
"Paracetamol 500mg, Thuốc ho Bảo Thanh, Bổ sung Vitamin B complex",Sức khoẻ,gemini_synthetic,0.9
"Khám nha khoa, Lấy cao răng, Tẩy trắng răng",Sức khoẻ,gemini_synthetic,0.9
"Gói tập gym 3 tháng, Huấn luyện viên cá nhân, Nước uống thể thao",Sức khoẻ,gemini_synthetic,0.9
"Sữa Ensure Gold 850g, Glucosamine HCL 1500mg, Collagen Type II",Sức khoẻ,gemini_synthetic,0.9
"Xét nghiệm tổng quát, Siêu âm tim, Đo điện tâm đồ",Sức khoẻ,gemini_synthetic,0.9
"Cắt kính cận đổi màu, Gọng kính Titanium, Hộp đựng kính",Sức khoẻ,gemini_synthetic,0.9
"Thuốc trị đau dạ dày, Men vi sinh, Thuốc nhỏ mắt",Sức khoẻ,gemini_synthetic,0.9
"Vé bơi tháng, Gói tập Yoga cơ bản, Thuê thảm tập",Sức khoẻ,gemini_synthetic,0.9
Bệnh Viện Quân Y 175,Sức khoẻ,gemini_synthetic,0.9
"Pharmacity | Paracetamol 500mg, Oresol cam, Bông y tế",Sức khoẻ,gemini_synthetic,0.9
"Long Châu | Vitamin C lọ 100 viên, Kẹo ngậm ho, Dầu tràm",Sức khoẻ,gemini_synthetic,0.9
"Bệnh Viện Đa Khoa Tâm Anh | Khám tổng quát, Xét nghiệm công thức máu",Sức khoẻ,gemini_synthetic,0.9
"Nha Khoa Kim | Lấy cao răng định kỳ, Trám răng sâu",Sức khoẻ,gemini_synthetic,0.9
"California Fitness & Yoga | Gói tập gym 6 tháng, Lớp yoga cơ bản",Sức khoẻ,gemini_synthetic,0.9
"Mắt Kính 365 | Cắt kính cận, Dung dịch rửa kính",Sức khoẻ,gemini_synthetic,0.9
"An Khang | Thuốc nhỏ mắt V.Rohto, Thuốc cảm cúm Hapacol",Sức khoẻ,gemini_synthetic,0.9
"Phòng Khám Đa Khoa Hoàn Mỹ | Siêu âm thai, Khám phụ khoa",Sức khoẻ,gemini_synthetic,0.9
"Gymmax Fitness | Thẻ thành viên 1 năm, Huấn luyện viên cá nhân",Sức khoẻ,gemini_synthetic,0.9
"Pharmacity | Kem đánh răng P/S, Sữa rửa mặt Cetaphil",Sức khoẻ,gemini_synthetic,0.9
"Bệnh viện Từ Dũ | Phí sinh thường, Tiêm vắc xin uốn ván",Sức khoẻ,gemini_synthetic,0.9
"Elite Fitness | Gói bơi lội 3 tháng, Khăn tập gym",Sức khoẻ,gemini_synthetic,0.9
"Long Châu | Glucosamine HCL 1500mg, Dầu cá Omega 3",Sức khoẻ,gemini_synthetic,0.9
"Nha Khoa Paris | Tẩy trắng răng, Nhổ răng khôn",Sức khoẻ,gemini_synthetic,0.9
"Nhà thuốc Minh Châu | Khẩu trang y tế hộp 50 cái, Cồn sát khuẩn",Sức khoẻ,gemini_synthetic,0.9
"Thegioihoanmy.vn | Whey Protein Isolate 2.2kg, BCAA powder",Sức khoẻ,gemini_synthetic,0.9
"Phòng khám Nhi Đồng | Khám sốt siêu vi, Thuốc hạ sốt",Sức khoẻ,gemini_synthetic,0.9
"Watsons | Collagen thủy phân, Kem chống nắng La Roche-Posay",Sức khoẻ,gemini_synthetic,0.9
"Specsavers | Gọng kính cận, Mắt kính đổi màu",Sức khoẻ,gemini_synthetic,0.9
"FPT Long Châu | Men vi sinh, Thuốc đau dạ dày",Sức khoẻ,gemini_synthetic,0.9
"Bệnh viện Chợ Rẫy | Chụp MRI não, Phí cấp cứu",Sức khoẻ,gemini_synthetic,0.9
"CLB Bơi lội Yết Kiêu | Học phí bơi cấp tốc, Kính bơi",Sức khoẻ,gemini_synthetic,0.9
"Nhà thuốc An Khang | Máy đo huyết áp điện tử, Que thử tiểu đường",Sức khoẻ,gemini_synthetic,0.9
"Paracetamol 500mg, Vitamin D3, Dầu gió xanh",Sức khoẻ,gemini_synthetic,0.9
"Khám tổng quát, Xét nghiệm đường huyết, Siêu âm tim",Sức khoẻ,gemini_synthetic,0.9
"Gói tập yoga 1 tháng, Thảm yoga, Dây kháng lực",Sức khoẻ,gemini_synthetic,0.9
"Omega-3 Fish Oil 1000mg, Multivitamin, Kẽm lọ 30 viên",Sức khoẻ,gemini_synthetic,0.9
"Nhiệt kế hồng ngoại, Băng gạc y tế, Nước muối sinh lý",Sức khoẻ,gemini_synthetic,0.9
"Phí nhổ răng khôn, Chụp X-quang răng",Sức khoẻ,gemini_synthetic,0.9
"Học phí bơi lội, Mũ bơi silicon, Kính bơi",Sức khoẻ,gemini_synthetic,0.9
Bệnh Viện 115,Sức khoẻ,gemini_synthetic,0.9
"Nhà thuốc Pharmacity | Thuốc cảm cúm Hapacol, Vitamin tổng hợp cho bé, Xịt mũi Sterimar",Sức khoẻ,gemini_synthetic,0.9
"Khám tổng quát, Siêu âm tim, Xét nghiệm công thức máu",Sức khoẻ,gemini_synthetic,0.9
"Long Châu | Thuốc cảm cúm Hapacol, khẩu trang y tế 3 lớp, nước súc miệng Listerine",Sức khoẻ,gemini_synthetic,0.9
"Phi bôi thuôc, Điều trị hông ngoại, Phẫu thuật cắt trĩ, phi truyên dich",Sức khoẻ,synthetic,0.95
Guardian | OBAGI SERUM C 15% 12.5M,Sức khoẻ,synthetic,0.95
Phòng Khám Đa Khoa Nguyễn Trãi | Phí điều trị đốt,Sức khoẻ,synthetic,0.95
Pharmacity | Charz Orange,Sức khoẻ,synthetic,0.95
"Khoa Binh Thuan | Phi Tieu Phau, Ve sinh thay bang",Sức khoẻ,synthetic,0.95
Bệnh Viện Từ Dũ - Nhà thuốc 227 Cống Quỳnh | Gyfor 100ml,Sức khoẻ,synthetic,0.95
"CÔNG TY CỔ PHẦN DƯỢC PHẨM PHARMACITY | Salonsip (10goi), PMC Xịt Rua Tay Kho Hương Tra Xanh 18ml, Panadol Extra - Moi (180vien), Lacteol Sachet 340mg (H10goi), PMC Con 70 (500ml), DD Alfasept Handrub Lavitec (500ml)",Sức khoẻ,synthetic,0.95
"Pharmacity | Farzincol 10mg, Charz Orange",Sức khoẻ,synthetic,0.95
"Khoa Binh Thuan | Phi Tieu Phau, Phi tiem",Sức khoẻ,synthetic,0.95
"CÔNG TY CỔ PHẦN DƯỢC PHẨM FPT LONG CHÂU | URGOBAND 10CM X 4.5M - BĂNG THUN 3 MÓC, GÔN BẠCH TUYẾT CẮT SĂN ZIGZAG 100G, NATRI CLORID 0.9% F.T 500ML DUNG DỊCH SÚC MIỆNG, GĂNG TAY Y TẾ CÓ BỘT SUPER CARE LATEX POWDER EXAMINATION GLOVES SIZE M - HỘP 100 CÁI, URGO DURABLE 102 MIẾNG - BĂNG CÁ NHÂN VẢI ĐỎ ĐINH CAO, CHAI XỊT LẠNH GIẢM ĐAU SAU CHẤN THƯƠNG STARBALM COLD SPRAY NOVUM 150ML, NƯỚC OXY GIÀ VĨNH PHÚC 3% 60ML, CỒN 70 ĐỘ VĨNH PHÚC CÓ VÒI XỊT 500ML, GẠC BẠO THẠCH LỚN 8CMDX10CMX12 LỚP BỊCH 10 MIẾNG",Sức khoẻ,synthetic,0.95
"CÔNG TY CỔ PHẦN DƯỢC PHẨM PHARMACITY | PMC Xịt Rua Tay Kho Hương Tra Xanh 18ml, PMC Con 70 (500ml), Lacteol Sachet 340mg (H10goi), Panadol Extra - Moi (180vien), Salonsip (10goi), DD Alfasept Handrub Lavitec (500ml)",Sức khoẻ,synthetic,0.95
"CÔNG TY CỔ PHẦN DƯỢC PHẨM PHARMACITY | DD Alfasept Handrub Lavitec (500ml), PMC Con 70 (500ml), Panadol Extra - Moi (180vien), PMC Xịt Rua Tay Kho Hương Tra Xanh 18ml, Salonsip (10goi)",Sức khoẻ,synthetic,0.95
"BỆNH VIỆN BACH MAI NHÀ THUỐC SỐ 3 | Probioticslactomin plus 3g, Babyta, Masumax, Newbutin SR",Sức khoẻ,synthetic,0.95
"Điện tim thường, Phi bôi thuôc, Phẫu thuật cắt trĩ, phi truyên dich",Sức khoẻ,synthetic,0.95
"NHÀ THUỐC BỆNH VIỆN ĐA KHOA HÀ ĐÔNG | Povidon iod 10%/150ml, vòng tay một lần, Fogyma, BONE-ER Vitamin D3-K2, Stiprol (Glycerol) 9g h/6 tub thụt",Sức khoẻ,synthetic,0.95
"Bệnh Viện Từ Dũ - Nhà thuốc 227 Cống Quỳnh | Saferon, Gyfor 100ml",Sức khoẻ,synthetic,0.95
"CÔNG TY CỔ PHẦN DƯỢC PHẨM PHARMACITY | DD Alfasept Handrub Lavitec (500ml), PMC Con 70 (500ml), PMC Xịt Rua Tay Kho Hương Tra Xanh 18ml, Salonsip (10goi), Panadol Extra - Moi (180vien)",Sức khoẻ,synthetic,0.95
"Pharmacity | Farzincol 10mg, Forza Diet Multivitamin",Sức khoẻ,synthetic,0.95
"CÔNG TY CỔ PHẦN DƯỢC PHẨM FPT LONG CHÂU | GĂNG TAY Y TẾ CÓ BỘT SUPER CARE LATEX POWDER EXAMINATION GLOVES SIZE M - HỘP 100 CÁI, CHAI XỊT LẠNH GIẢM ĐAU SAU CHẤN THƯƠNG STARBALM COLD SPRAY NOVUM 150ML, POVIDINE PHARMEDIC 90ML, NƯỚC OXY GIÀ VĨNH PHÚC 3% 60ML, GẠC BẠO THẠCH LỚN 8CMDX10CMX12 LỚP BỊCH 10 MIẾNG, CỒN 70 ĐỘ VĨNH PHÚC CÓ VÒI XỊT 500ML, URGO DURABLE 102 MIẾNG - BĂNG CÁ NHÂN VẢI ĐỎ ĐINH CAO, GÔN BẠCH TUYẾT CẮT SĂN ZIGZAG 100G",Sức khoẻ,synthetic,0.95
"CÔNG TY CỔ PHẦN DƯỢC PHẨM FPT LONG CHÂU | NATRI CLORID 0.9% F.T 500ML DUNG DỊCH SÚC MIỆNG, CỒN 70 ĐỘ VĨNH PHÚC CÓ VÒI XỊT 500ML, URGO DURABLE 102 MIẾNG - BĂNG CÁ NHÂN VẢI ĐỎ ĐINH CAO, URGOBAND 10CM X 4.5M - BĂNG THUN 3 MÓC, GĂNG TAY Y TẾ CÓ BỘT SUPER CARE LATEX POWDER EXAMINATION GLOVES SIZE M - HỘP 100 CÁI, NƯỚC OXY GIÀ VĨNH PHÚC 3% 60ML, GẠC BẠO THẠCH LỚN 8CMDX10CMX12 LỚP BỊCH 10 MIẾNG, GÔN BẠCH TUYẾT CẮT SĂN ZIGZAG 100G, POVIDINE PHARMEDIC 90ML",Sức khoẻ,synthetic,0.95
"Bệnh Viện Từ Dũ - Nhà thuốc 227 Cống Quỳnh | Clogin elle, Saferon",Sức khoẻ,synthetic,0.95
"Pharmacity | Charz Orange, Forza Diet Multivitamin",Sức khoẻ,synthetic,0.95
"NHÀ THUỐC BỆNH VIỆN ĐA KHOA HÀ ĐÔNG | Povidon iod 10%/150ml, vòng tay một lần, Stiprol (Glycerol) 9g h/6 tub thụt, Fogyma, BONE-ER Vitamin D3-K2",Sức khoẻ,synthetic,0.95
"Khoa Binh Thuan | Ve sinh thay bang, Phi Tieu Phau",Sức khoẻ,synthetic,0.95
Khoa Binh Thuan | Phi tiem,Sức khoẻ,synthetic,0.95
"BỆNH VIỆN BACH MAI NHÀ THUỐC SỐ 3 | Newbutin SR, Babyta, Probioticslactomin plus 3g",Sức khoẻ,synthetic,0.95
"Phi bôi thuôc, Phẫu thuật cắt trĩ, Điện tim thường",Sức khoẻ,synthetic,0.95
"Phi bôi thuôc, Phẫu thuật cắt trĩ, Điều trị hông ngoại",Sức khoẻ,synthetic,0.95
"BỆNH VIỆN BACH MAI NHÀ THUỐC SỐ 3 | Imu Pro, Babyta, Newbutin SR",Sức khoẻ,synthetic,0.95
"Điều trị hông ngoại, Phẫu thuật cắt trĩ, phi truyên dich",Sức khoẻ,synthetic,0.95
Khoa Binh Thuan | Phi Tieu Phau,Sức khoẻ,synthetic,0.95
"CÔNG TY CỔ PHẦN DƯỢC PHẨM PHARMACITY | Lacteol Sachet 340mg (H10goi), Strepsils Original (24vien), DD Alfasept Handrub Lavitec (500ml), Panadol Extra - Moi (180vien), PMC Xịt Rua Tay Kho Hương Tra Xanh 18ml, PMC Con 70 (500ml)",Sức khoẻ,synthetic,0.95
"Phòng Khám Đa Khoa Nguyễn Trãi | Phí điều trị đốt, phí điều trị",Sức khoẻ,synthetic,0.95
Bệnh Viện Từ Dũ - Nhà thuốc 227 Cống Quỳnh | Saferon,Sức khoẻ,synthetic,0.95
"BỆNH VIỆN BACH MAI NHÀ THUỐC SỐ 3 | Babyta, Imu Pro, Probioticslactomin plus 3g",Sức khoẻ,synthetic,0.95
"CÔNG TY CỔ PHẦN DƯỢC PHẨM FPT LONG CHÂU | CHAI XỊT LẠNH GIẢM ĐAU SAU CHẤN THƯƠNG STARBALM COLD SPRAY NOVUM 150ML, NATRI CLORID 0.9% F.T 500ML DUNG DỊCH SÚC MIỆNG, GĂNG TAY Y TẾ CÓ BỘT SUPER CARE LATEX POWDER EXAMINATION GLOVES SIZE M - HỘP 100 CÁI, NƯỚC OXY GIÀ VĨNH PHÚC 3% 60ML, URGOBAND 10CM X 4.5M - BĂNG THUN 3 MÓC, POVIDINE PHARMEDIC 90ML, URGO DURABLE 102 MIẾNG - BĂNG CÁ NHÂN VẢI ĐỎ ĐINH CAO, GÔN BẠCH TUYẾT CẮT SĂN ZIGZAG 100G, GẠC BẠO THẠCH LỚN 8CMDX10CMX12 LỚP BỊCH 10 MIẾNG",Sức khoẻ,synthetic,0.95
"NHÀ THUỐC BỆNH VIỆN ĐA KHOA HÀ ĐÔNG | Stiprol (Glycerol) 9g h/6 tub thụt, Povidon iod 10%/150ml, vòng tay một lần, TRIMOXTAL 500",Sức khoẻ,synthetic,0.95
"NHÀ THUỐC BỆNH VIỆN ĐA KHOA HÀ ĐÔNG | Fogyma, Stiprol (Glycerol) 9g h/6 tub thụt, vòng tay một lần, BONE-ER Vitamin D3-K2",Sức khoẻ,synthetic,0.95
"BỆNH VIỆN BACH MAI NHÀ THUỐC SỐ 3 | Masumax, Babyta, Newbutin SR",Sức khoẻ,synthetic,0.95
Phòng Khám Đa Khoa Nguyễn Trãi | phí điều trị,Sức khoẻ,synthetic,0.95
"Pharmacity | Forza Diet Multivitamin, Charz Orange",Sức khoẻ,synthetic,0.95
"Phòng Khám Đa Khoa Nguyễn Trãi | Phí điều trị đốt, phí tiểu phẫu",Sức khoẻ,synthetic,0.95
"CÔNG TY CỔ PHẦN DƯỢC PHẨM FPT LONG CHÂU | URGOBAND 10CM X 4.5M - BĂNG THUN 3 MÓC, GĂNG TAY Y TẾ CÓ BỘT SUPER CARE LATEX POWDER EXAMINATION GLOVES SIZE M - HỘP 100 CÁI, POVIDINE PHARMEDIC 90ML, NATRI CLORID 0.9% F.T 500ML DUNG DỊCH SÚC MIỆNG, GÔN BẠCH TUYẾT CẮT SĂN ZIGZAG 100G, CỒN 70 ĐỘ VĨNH PHÚC CÓ VÒI XỊT 500ML, GẠC BẠO THẠCH LỚN 8CMDX10CMX12 LỚP BỊCH 10 MIẾNG, CHAI XỊT LẠNH GIẢM ĐAU SAU CHẤN THƯƠNG STARBALM COLD SPRAY NOVUM 150ML",Sức khoẻ,synthetic,0.95
"NHÀ THUỐC BỆNH VIỆN ĐA KHOA HÀ ĐÔNG | Povidon iod 10%/150ml, TRIMOXTAL 500, BONE-ER Vitamin D3-K2, Stiprol (Glycerol) 9g h/6 tub thụt, vòng tay một lần",Sức khoẻ,synthetic,0.95
IELTS 7.0 Standard - Off,Giáo dục,manual,1.0
"NHÀ SÁCH GD-TC CẨM PHẢ | gọt chì 108, Bút bi TL 061, Tẩy H01400, Thước 20cm, Bút bi nến ngắn, Bút bi Deli, Tẩy TP-E024, Nhãn vở campus, Sticker XCY, VPP Loại 5K",Giáo dục,manual,1.0
"NHÀ SÁCH GD-TC CẨM PHẢ | Ngữ văn 10/1, Đại số 10, Hình học 10, Hóa học 10, Lịch sử 10, Sinh học 10, GDCD 10, Công nghệ 10, Tiếng Anh 10, Tin 10",Giáo dục,manual,1.0
"NHÀ SÁCH GD-TC CẨM PHẢ | Giấy nhăn màu 3*3, Ví bút trong 19-11, Bút bi 027, Bút dạ quang 70+, Chì kim S329, Ngòi chì kim PL101, Tẩy MG 4B, Thước sắt 20cm, Vở kẻ ngang, Hình học 11",Giáo dục,manual,1.0
"NHÀ SÁCH GD.TC CẨM PHẢ | BT đại số 10, BT Hình học 10, Đại số 10, Hình học 10, Ngữ văn 10/1, Tiếng Anh 10, BT lí 10, Vật lí 10, Hóa học 10, BT hóa học 10",Giáo dục,auto_verified,0.8
"CÔNG TY TNHH ĐÀO TẠO THIÊN ƯNG | Khóa học kế toán tổng hợp trọn gói, Khóa học cách sử dụng các hàm Excel, Khóa học quyết toán thuế TNDN",Giáo dục,auto_verified,0.8
ILA,Giáo dục,gemini_synthetic,0.9
Anh văn Hội Việt Mỹ,Giáo dục,gemini_synthetic,0.9
Trường Đại Học FPT,Giáo dục,gemini_synthetic,0.9
Trung Tâm Anh Ngữ YOLA,Giáo dục,gemini_synthetic,0.9
"Học phí khóa học IELTS cấp tốc, Sách luyện đề IELTS Cambridge",Giáo dục,gemini_synthetic,0.9
"Giáo trình Marketing căn bản, Bút bi TL 0.5mm, Vở ô ly 100 trang",Giáo dục,gemini_synthetic,0.9
"Sách giáo khoa Ngữ văn 11, Vở Campus 200 trang, Bút chì kim 0.5",Giáo dục,gemini_synthetic,0.9
"Khóa học Photoshop cơ bản online, Ebook thiết kế đồ họa",Giáo dục,gemini_synthetic,0.9
"Phí đăng ký thi TOEIC, Bộ tài liệu ôn thi TOEIC 2024",Giáo dục,gemini_synthetic,0.9
"Máy tính Casio FX-580VN X, Thước kẻ 30cm, Com pa Thiên Long",Giáo dục,gemini_synthetic,0.9
"Học phí khóa học Tiếng Nhật N3, Sách Minna no Nihongo I",Giáo dục,gemini_synthetic,0.9
"Sách ""Tư duy nhanh và chậm"", Khóa học phát triển bản thân",Giáo dục,gemini_synthetic,0.9
ACET Language School | Học phí khóa Academic English 2,Giáo dục,gemini_synthetic,0.9
Apax English | Học phí Tiếng Anh trẻ em tháng 5,Giáo dục,gemini_synthetic,0.9
"Udemy | Khóa học Python cho người mới bắt đầu, Chứng chỉ hoàn thành khóa học",Giáo dục,gemini_synthetic,0.9
"Coursera | Đăng ký Specialization Data Science, Access tài liệu khóa học",Giáo dục,gemini_synthetic,0.9
Trường Đại Học FPT | Học phí kỳ Fall 2024 ngành Kỹ thuật phần mềm,Giáo dục,gemini_synthetic,0.9
"RMIT Việt Nam | Phí đăng ký môn Quản lý dự án, Giáo trình Project Management",Giáo dục,gemini_synthetic,0.9
"Nhà Sách Fahasa | Sách giáo khoa Toán 12, Sách tham khảo Lý 12, Vở caro A4",Giáo dục,gemini_synthetic,0.9
"Phương Nam Book | Từ điển Anh-Việt, Sổ tay từ vựng tiếng Anh",Giáo dục,gemini_synthetic,0.9
"Tiki | Sách ""Đắc nhân tâm"", Bút highlight nhiều màu, Giấy note Post-it",Giáo dục,gemini_synthetic,0.9
"Shopee | Bộ bút màu nước Pentel, Sách tô màu theo số",Giáo dục,gemini_synthetic,0.9
"Văn phòng phẩm Thiên Long | Hộp bút bi FO-04, Bút dạ quang vàng, Tẩy Thiên Long",Giáo dục,gemini_synthetic,0.9
"Hải Tiến Bookstore | Vở kẻ ngang 80 trang x5, Bìa bao sách vở",Giáo dục,gemini_synthetic,0.9
"ILA | Học phí khóa học tiếng Anh giao tiếp cấp tốc, Phí tài liệu",Giáo dục,gemini_synthetic,0.9
"Anh văn Hội Việt Mỹ | Học phí khóa luyện thi IELTS 7.0, Sách bài tập",Giáo dục,gemini_synthetic,0.9
"YOLA | Phí kiểm tra trình độ đầu vào, Khóa học Tiếng Anh thiếu niên",Giáo dục,gemini_synthetic,0.9
"ACET Language School | Lệ phí thi thử IELTS, Sách giáo trình IELTS",Giáo dục,gemini_synthetic,0.9
"Apax English | Đăng ký khóa hè Tiếng Anh, Bộ sách truyện tiếng Anh thiếu nhi",Giáo dục,gemini_synthetic,0.9
"Udemy | Khóa học lập trình web frontend, Ebook CSS HTML JavaScript",Giáo dục,gemini_synthetic,0.9
Coursera | Chứng chỉ Professional Certificate Google IT Support,Giáo dục,gemini_synthetic,0.9
"Trường THPT Lê Quý Đôn | Học phí tháng 9, Tiền quỹ lớp",Giáo dục,gemini_synthetic,0.9
Trường ĐH Kinh tế Quốc dân | Học phí tín chỉ môn Kinh tế vi mô,Giáo dục,gemini_synthetic,0.9
"Nhà Sách Fahasa | Sách ""Cha giàu cha nghèo"", Bút máy luyện chữ đẹp",Giáo dục,gemini_synthetic,0.9
"Phương Nam Book | Tập viết chữ Hán, Từ điển Hán Việt",Giáo dục,gemini_synthetic,0.9
"Tiki | Máy đọc sách Kindle Paperwhite, Bao da Kindle",Giáo dục,gemini_synthetic,0.9
"Shopee | Đèn học chống cận Rạng Đông, Kệ sách mini để bàn",Giáo dục,gemini_synthetic,0.9
"Văn phòng phẩm Hùng Vương | Giấy A4 70gsm x1 ream, Bút lông bảng",Giáo dục,gemini_synthetic,0.9
"Sách Mới | Sách luyện thi THPT Quốc gia môn Sinh học, Bộ đề thi thử",Giáo dục,gemini_synthetic,0.9
"MCBOOKS | Sách ""3000 từ vựng TOEIC"", CD luyện nghe TOEIC",Giáo dục,gemini_synthetic,0.9
ILA | Học phí tiếng Anh IELTS tháng 5/2024,Giáo dục,gemini_synthetic,0.9
"Anh Văn Hội Việt Mỹ VUS | Khóa học Giao tiếp căn bản, Sách Speak Now Level 1",Giáo dục,gemini_synthetic,0.9
"ACET Language School | Học phí IELTS Academic, Lệ phí thi thử",Giáo dục,gemini_synthetic,0.9
"Trung Tâm Anh Ngữ YOLA | Khóa học SAT, Giáo trình luyện thi SAT",Giáo dục,gemini_synthetic,0.9
Apax English | Học phí khóa tiếng Anh trẻ em,Giáo dục,gemini_synthetic,0.9
Trường Đại Học FPT | Học phí học kỳ Spring 2024 ngành Kỹ thuật phần mềm,Giáo dục,gemini_synthetic,0.9
RMIT Việt Nam | Học phí môn Macroeconomics,Giáo dục,gemini_synthetic,0.9
"Nhà Sách Fahasa | Sách giáo khoa Ngữ văn 12, Vở caro 120 trang x 3, Bút bi TL-08",Giáo dục,gemini_synthetic,0.9
"Phương Nam Book | Sách Toán nâng cao lớp 9, Từ điển Anh Việt",Giáo dục,gemini_synthetic,0.9
"Coursera | Đăng ký khóa Data Science Specialization, Tài liệu khóa học",Giáo dục,gemini_synthetic,0.9
Trung tâm Tin học ĐH Khoa học Tự nhiên | Học phí khóa Lập trình web nâng cao,Giáo dục,gemini_synthetic,0.9
"Tiki | Sách Tiếng Việt lớp 2 tập 1, Bút chì HB, Tẩy Thiên Long",Giáo dục,gemini_synthetic,0.9
"Nhà sách Nguyễn Văn Cừ | Giáo trình Marketing căn bản, Sách Lịch sử văn minh thế giới",Giáo dục,gemini_synthetic,0.9
"ILA Vietnam | HP Khóa General English 3A, Phí tài liệu",Giáo dục,gemini_synthetic,0.9
"VUS | Học phí GE6, Sách Solutions Intermediate",Giáo dục,gemini_synthetic,0.9
"FPT Polytechnic | Hoc phi hoc ky Fall 2023, Le phi on tap",Giáo dục,gemini_synthetic,0.9
"Nhà sách Tiền Phong | Sách tham khảo Lý 11, Bộ thước kẻ compa",Giáo dục,gemini_synthetic,0.9
Kyna.vn | Khóa học Excel từ cơ bản đến nâng cao,Giáo dục,gemini_synthetic,0.9
Edumall | Đăng ký khóa Kỹ năng thuyết trình chuyên nghiệp,Giáo dục,gemini_synthetic,0.9
"Alpha Books | Sách ""Tư duy phản biện"", Sách ""Làm chủ trí nhớ",Giáo dục,gemini_synthetic,0.9
"Trung tâm Gia sư ABC | Học phí gia sư Toán lớp 10, Bài tập bổ trợ",Giáo dục,gemini_synthetic,0.9
"Trường THPT Lê Quý Đôn | Học phí bán trú tháng 9, Tiền quỹ lớp học tập",Giáo dục,gemini_synthetic,0.9
"Nhà sách Phương Nam | Sách ""Văn học Việt Nam hiện đại"", Sách ""Lịch sử kinh tế",Giáo dục,gemini_synthetic,0.9
"ILA | HP Tieng Anh Giao Tiep Level 2, Sach bai tap bo tro",Giáo dục,gemini_synthetic,0.9
"VUS | Học phí luyện thi IELTS, Bộ đề thi IELTS Practice Test",Giáo dục,gemini_synthetic,0.9
ĐH Kinh tế Quốc dân | Học phí học lại môn Thống kê kinh doanh,Giáo dục,gemini_synthetic,0.9
"Fahasa | Sách tiếng Anh lớp 6, Vở 4 ô ly, Bút máy",Giáo dục,gemini_synthetic,0.9
"Sách giáo khoa Hóa 12, Vở kẻ ngang 80 trang x5, Bút bi mực xanh",Giáo dục,gemini_synthetic,0.9
Học phí luyện thi THPT Quốc gia môn Toán,Giáo dục,gemini_synthetic,0.9
"Khóa học nhiếp ảnh cơ bản online, Ebook kỹ thuật chụp ảnh",Giáo dục,gemini_synthetic,0.9
"Sách ""Phân tích kỹ thuật chứng khoán"", Sổ tay ghi chép, Bút gel",Giáo dục,gemini_synthetic,0.9
"Gia sư tiếng Anh lớp 7, Tài liệu ôn tập ngữ pháp",Giáo dục,gemini_synthetic,0.9
Học phí bổ túc văn hóa cấp 3,Giáo dục,gemini_synthetic,0.9
"Khóa học guitar online cho người mới bắt đầu, Sách hợp âm cơ bản",Giáo dục,gemini_synthetic,0.9
"Bảng từ mini, Phấn trắng, Bút lông bảng, Sách toán tư duy",Giáo dục,gemini_synthetic,0.9
Trường THPT Chuyên Trần Đại Nghĩa,Giáo dục,gemini_synthetic,0.9
Trung tâm luyện thi đại học,Giáo dục,gemini_synthetic,0.9
Học viện Nông nghiệp Việt Nam,Giáo dục,gemini_synthetic,0.9
Trường THCS Chu Văn An,Giáo dục,gemini_synthetic,0.9
RMIT Việt Nam,Giáo dục,gemini_synthetic,0.9
Coursera,Giáo dục,gemini_synthetic,0.9
"Sách giáo khoa Toán 12, Vở kẻ ngang 200 trang x3",Giáo dục,gemini_synthetic,0.9
"Khóa học tiếng Trung giao tiếp, Lệ phí thi HSK",Giáo dục,gemini_synthetic,0.9
"Bút chì HB, Gôm tẩy Thiên Long, Thước kẻ 30cm",Giáo dục,gemini_synthetic,0.9
Máy tính khoa học Casio FX-580VNX,Giáo dục,gemini_synthetic,0.9
"Giáo trình Kinh tế vi mô, Sách bài tập Toán cao cấp",Giáo dục,gemini_synthetic,0.9
Phí ghi danh khóa luyện thi SAT,Giáo dục,gemini_synthetic,0.9
"Bộ sách truyện tiếng Anh cho bé, Bút màu Faber-Castell 12 màu",Giáo dục,gemini_synthetic,0.9
Khóa học nấu ăn cơ bản online,Giáo dục,gemini_synthetic,0.9
Anh văn Hội Việt Mỹ VUS | Học phí khóa Foundations 1,Giáo dục,gemini_synthetic,0.9
"Nhà Sách Fahasa | Sách giáo khoa Ngữ văn 11, Từ điển Anh-Việt",Giáo dục,gemini_synthetic,0.9
"Udemy | Khóa học SQL cho Data Analyst, Chứng chỉ hoàn thành",Giáo dục,gemini_synthetic,0.9
ACET Language School | Học phí lớp IELTS Advanced tháng 5,Giáo dục,gemini_synthetic,0.9
Trường THPT Lê Quý Đôn | Học phí học kỳ 2 năm 2023-2024,Giáo dục,gemini_synthetic,0.9
"Tiki | Sách luyện thi TOEIC, Vở ghi chép A5 120 trang x2",Giáo dục,gemini_synthetic,0.9
"YOLA | Phí đăng ký kiểm tra đầu vào, Lệ phí khóa TOEFL iBT",Giáo dục,gemini_synthetic,0.9
Apax English | Học phí khóa SuperKids 3,Giáo dục,gemini_synthetic,0.9
Nhà Sách Phương Nam | Giáo trình Lập trình Python cơ bản,Giáo dục,gemini_synthetic,0.9
British Council | Lệ phí thi chứng chỉ Aptis,Giáo dục,gemini_synthetic,0.9
Trường Mầm non Quốc tế Kindy City | Học phí tháng 9,Giáo dục,gemini_synthetic,0.9
FPT University | Học phí kỳ Summer 2024,Giáo dục,gemini_synthetic,0.9
"Nhà sách Nguyễn Văn Cừ | Bút bi Thiên Long 0.5mm x10, Giấy A4 Double A 500 tờ",Giáo dục,gemini_synthetic,0.9
Kyna.vn | Khóa học Photoshop cơ bản,Giáo dục,gemini_synthetic,0.9
RMIT Việt Nam | Phí nộp hồ sơ nhập học,Giáo dục,gemini_synthetic,0.9
ILA | Học phí tiếng Anh trẻ em (SmartKids),Giáo dục,gemini_synthetic,0.9
"Shopee | Balo học sinh chống gù, Hộp bút đa năng",Giáo dục,gemini_synthetic,0.9
VUS | Học phí Anh ngữ trẻ em,Giáo dục,gemini_synthetic,0.9
Trung tâm gia sư | Phí gia sư môn Hóa 12,Giáo dục,gemini_synthetic,0.9
Coursera | Đăng ký gói Coursera Plus 1 năm,Giáo dục,gemini_synthetic,0.9
"Nhà sách Nguyễn Văn Cừ | Sách tham khảo Lý 10, Vở Campus 80 trang x5",Giáo dục,gemini_synthetic,0.9
Edumall | Khóa học Excel từ cơ bản đến nâng cao,Giáo dục,gemini_synthetic,0.9
Đại học Kinh tế TP.HCM | Học phí chuyên ngành Kế toán Kiểm toán HK1,Giáo dục,gemini_synthetic,0.9
"Fahasa | Bút highlight dạ quang 5 màu, Sách hướng dẫn vẽ manga",Giáo dục,gemini_synthetic,0.9
ACET | Học phí khóa luyện thi PTE Academic,Giáo dục,gemini_synthetic,0.9
"Tiki | Combo sách Hack Não 1500 từ vựng, Sổ tay A6",Giáo dục,gemini_synthetic,0.9
YOLA | Phí kiểm tra trình độ tiếng Anh miễn phí,Giáo dục,gemini_synthetic,0.9
Apax | Học phí khoá Pre-IELTS,Giáo dục,gemini_synthetic,0.9
Udemy,Giáo dục,gemini_synthetic,0.9
"Sách giáo khoa Ngữ văn 11, Vở kẻ ngang 120 trang x5, Bút chì 2B",Giáo dục,gemini_synthetic,0.9
"Giáo trình Kinh tế vi mô, Sách bài tập Toán cao cấp A1",Giáo dục,gemini_synthetic,0.9
"Bộ thước kẻ, compa, tẩy, gọt bút chì",Giáo dục,gemini_synthetic,0.9
"Khóa học Photoshop cho người mới bắt đầu, eBook thiết kế đồ họa",Giáo dục,gemini_synthetic,0.9
"Sách ""Phát triển tư duy phản biện"", Bút bi nước gel",Giáo dục,gemini_synthetic,0.9
"Lệ phí thi chứng chỉ IELTS Academic, Giấy nháp A4",Giáo dục,gemini_synthetic,0.9
Máy tính khoa học Casio FX-570VN PLUS,Giáo dục,gemini_synthetic,0.9
"Giáo trình tiếng Nhật N3, Từ điển Việt-Nhật",Giáo dục,gemini_synthetic,0.9
ILA | Học phí khóa tiếng Anh trẻ em tháng 7,Giáo dục,gemini_synthetic,0.9
YOLA | Lớp luyện thi SAT cấp tốc,Giáo dục,gemini_synthetic,0.9
"Fahasa | Sách ""Văn học Việt Nam hiện đại"", Vở Campus 200 trang",Giáo dục,gemini_synthetic,0.9
"Alpha Books | Sách ""Tư duy nhanh và chậm"", Bút highlight",Giáo dục,gemini_synthetic,0.9
Coursera | Khóa học Google Data Analytics Professional Certificate,Giáo dục,gemini_synthetic,0.9
Apax English | Học phí khóa học Tiếng Anh cấp 2,Giáo dục,gemini_synthetic,0.9
MindX | Học phí khóa lập trình Python cơ bản,Giáo dục,gemini_synthetic,0.9
Nguyễn Kim | Máy tính bảng Samsung Galaxy Tab S8 (cho học tập),Giáo dục,gemini_synthetic,0.9
VUS | Học phí Anh văn giao tiếp nâng cao,Giáo dục,gemini_synthetic,0.9
"Phương Nam Books | Sách ""Kỹ năng sống"", Bút xóa nước",Giáo dục,gemini_synthetic,0.9
"Tiki | Từ điển Anh Việt Oxford, Sách ""1984"" phiên bản tiếng Anh",Giáo dục,gemini_synthetic,0.9
RMIT Việt Nam | Học phí học kỳ 1 năm học 2024-2025,Giáo dục,gemini_synthetic,0.9
ACET Language School | Học phí khóa luyện thi PTE Academic,Giáo dục,gemini_synthetic,0.9
Edumall | Khóa học Marketing Online từ A-Z,Giáo dục,gemini_synthetic,0.9
CellphoneS | Tai nghe Bluetooth Sony (dùng cho học online),Giáo dục,gemini_synthetic,0.9
Trường THPT Lê Quý Đôn | Học phí bán trú tháng 9,Giáo dục,gemini_synthetic,0.9
ILA | Sách bài tập Grammar in Use Intermediate,Giáo dục,gemini_synthetic,0.9
Udemy | Khóa học SQL cho Data Analyst,Giáo dục,gemini_synthetic,0.9
Vinschool | Học phí lớp 5A năm học mới,Giáo dục,gemini_synthetic,0.9
"Fahasa | Bút màu Thiên Long 12 màu, Giấy vẽ A3",Giáo dục,gemini_synthetic,0.9
YOLA | Phí thi thử IELTS Mock Test,Giáo dục,gemini_synthetic,0.9
Teky | Khóa học robot cho trẻ em,Giáo dục,gemini_synthetic,0.9
"Trường Đại Học FPT | Giáo trình Giải tích 1, Sách bài tập Đại số tuyến tính",Giáo dục,gemini_synthetic,0.9
"Nhà sách Cá Chép | Sách ""Nhà giả kim"", Bút lông bảng",Giáo dục,gemini_synthetic,0.9
Kyna.vn | Khóa học Kỹ năng giao tiếp hiệu quả,Giáo dục,gemini_synthetic,0.9
FPT Shop | Máy in Canon (dùng cho việc học),Giáo dục,gemini_synthetic,0.9
ILA | Phí kiểm tra trình độ đầu vào tiếng Anh,Giáo dục,gemini_synthetic,0.9
VUS | Học phí lớp Pre-IELTS,Giáo dục,gemini_synthetic,0.9
ILA | Học phí tiếng Anh IELTS tháng 4,Giáo dục,gemini_synthetic,0.9
VUS | Học phí khóa Super Junior 2,Giáo dục,gemini_synthetic,0.9
ACET Language School | Học phí IELTS Pre-Intermediate,Giáo dục,gemini_synthetic,0.9
YOLA | Khóa học tiếng Anh cho học sinh cấp 2,Giáo dục,gemini_synthetic,0.9
Apax English | Học phí chương trình SmartKids,Giáo dục,gemini_synthetic,0.9
RMIT Việt Nam | Học phí học kỳ 1 năm 2024-2025,Giáo dục,gemini_synthetic,0.9
"Trường THPT Lê Quý Đôn | Sách giáo khoa Văn 12, Vở ô ly 200 trang",Giáo dục,gemini_synthetic,0.9
"Nhà Sách Phương Nam | Sách tham khảo Lý 10, Bút bi Thiên Long",Giáo dục,gemini_synthetic,0.9
"Tiki | Sách Tiếng Việt lớp 1, Bảng chữ cái thông minh",Giáo dục,gemini_synthetic,0.9
"Shopee | Bộ bút màu nước 24 màu, Sách tô màu cho bé",Giáo dục,gemini_synthetic,0.9
Kyna.vn | Khóa học lập trình web với Python,Giáo dục,gemini_synthetic,0.9
"Siêu thị văn phòng phẩm | Giấy A4 Double A 500 tờ, Bút lông bảng Pentel",Giáo dục,gemini_synthetic,0.9
Udemy | Khóa học Data Science A-Z™: Real-life analytics,Giáo dục,gemini_synthetic,0.9
Wall Street English | Học phí gói Premium Access,Giáo dục,gemini_synthetic,0.9
"Trường Mầm Non Việt Úc | Học phí tháng 9, Tiền ăn bán trú",Giáo dục,gemini_synthetic,0.9
Trung tâm Gia sư ABC | Học phí gia sư Toán cấp 3,Giáo dục,gemini_synthetic,0.9
FPT Polytechnic | Học phí môn Cơ sở dữ liệu,Giáo dục,gemini_synthetic,0.9
"Nhà sách Tiền Phong | Giáo trình Marketing căn bản, Bút gel M&G",Giáo dục,gemini_synthetic,0.9
Bách Khoa Computer | Máy tính bảng Samsung Tab A8 (cho học tập),Giáo dục,gemini_synthetic,0.9
"Minh Khai Book | Từ điển Anh-Việt, Sách luyện thi TOEIC",Giáo dục,gemini_synthetic,0.9
"Vinbook | Sách truyện thiếu nhi song ngữ, Bộ thẻ học flashcard",Giáo dục,gemini_synthetic,0.9
"Đinh Tị Books | Sách ""Tư duy nhanh và chậm"", Bút dạ quang",Giáo dục,gemini_synthetic,0.9
"The Garden Bookshop | Sách tự học tiếng Hàn, Vở ghi chép A5",Giáo dục,gemini_synthetic,0.9
"Phương Châu Stationery | Bút bi Thiên Long TL-027 hộp 10 cây, Giấy note Post-it",Giáo dục,gemini_synthetic,0.9
Vietop | Học phí khóa IELTS Speaking & Writing,Giáo dục,gemini_synthetic,0.9
Apollo English | Học phí khóa học Junior Explorer,Giáo dục,gemini_synthetic,0.9
"Ehomebook | Sách ""Làm chủ tư duy"", Bút máy luyện chữ",Giáo dục,gemini_synthetic,0.9
Vinschool | Học phí học kỳ 2 năm học 2023-2024,Giáo dục,gemini_synthetic,0.9
"Alpha Books | Sách ""Đắc nhân tâm"", Bút highlight",Giáo dục,gemini_synthetic,0.9
Đại học FPT,Giáo dục,gemini_synthetic,0.9
Fahasa,Giáo dục,gemini_synthetic,0.9
"Học phí tiếng Anh trẻ em tháng 5, Sách truyện song ngữ",Giáo dục,gemini_synthetic,0.9
"Sách giáo khoa Toán 11, Vở kẻ ngang 120 trang, Bút bi xanh TL-08",Giáo dục,gemini_synthetic,0.9
"Khóa học Photoshop cơ bản, Giáo trình thiết kế đồ họa",Giáo dục,gemini_synthetic,0.9
"Bút chì Staedtler hộp 12 cây, Tẩy Thiên Long, Hộp bút kim loại",Giáo dục,gemini_synthetic,0.9
"Máy tính Casio FX-580VN X, Thước kẻ 30cm, Compa",Giáo dục,gemini_synthetic,0.9
"Lệ phí thi IELTS, Tài liệu ôn thi Writing",Giáo dục,gemini_synthetic,0.9
"Nhà Sách Fahasa | Sách giáo khoa Toán 10, Vở ô ly 200 trang x5",Giáo dục,gemini_synthetic,0.9
Udemy | Python for Data Science bootcamp,Giáo dục,gemini_synthetic,0.9
Anh văn Hội Việt Mỹ VUS | Học phí khóa tiếng Anh trẻ em Level 3,Giáo dục,gemini_synthetic,0.9
"Trường Đại Học FPT | Học phí học kỳ Fall 2024, Lệ phí thi chứng chỉ tiếng Anh",Giáo dục,gemini_synthetic,0.9
"Phương Nam Book | Giáo trình Kinh tế vi mô, Sách luyện thi THPT Quốc gia môn Văn",Giáo dục,gemini_synthetic,0.9
Coursera | Khóa học Machine Learning Specialization,Giáo dục,gemini_synthetic,0.9
ACET Language School | Phí ghi danh khóa General English,Giáo dục,gemini_synthetic,0.9
"Văn phòng phẩm Hồng Hà | Bút bi Thiên Long 10 cây, Tập kẻ ngang 120 trang x3",Giáo dục,gemini_synthetic,0.9
YOLA | Học phí luyện thi SAT tháng 5,Giáo dục,gemini_synthetic,0.9
"Tiki | Sách Tiếng Anh lớp 11, Từ điển Oxford Advanced Learner's",Giáo dục,gemini_synthetic,0.9
RMIT Việt Nam | Học phí ngành Digital Marketing HK1 2024-2025,Giáo dục,gemini_synthetic,0.9
Kyna.vn | Khóa học Excel cho người đi làm,Giáo dục,gemini_synthetic,0.9
"Nhà sách Nguyễn Văn Cừ | Truyện cổ tích Việt Nam (dùng cho trẻ học), Sách tô màu",Giáo dục,gemini_synthetic,0.9
FPT Aptech | Học phí khóa Lập trình viên Quốc tế năm 2,Giáo dục,gemini_synthetic,0.9
"Shopee | Máy tính Casio FX-580 VNX, Bộ compa thước eke",Giáo dục,gemini_synthetic,0.9
Apax English | Học phí khóa tiếng Anh mẫu giáo,Giáo dục,gemini_synthetic,0.9
Đại học Kinh tế Quốc dân | Tiền học lại môn Xác suất thống kê,Giáo dục,gemini_synthetic,0.9
"Cửa hàng VPP Thành Đạt | Giấy A4 Double A 500 tờ, Bút chì Gstar HB x10",Giáo dục,gemini_synthetic,0.9
Edumall | Khóa học Photoshop cơ bản,Giáo dục,gemini_synthetic,0.9
"Alpha Books | Sách ""Tư duy nhanh và chậm"", Sách ""Đắc nhân tâm",Giáo dục,gemini_synthetic,0.9
Trường THPT Lê Quý Đôn | Học phí học thêm môn Hóa,Giáo dục,gemini_synthetic,0.9
"Công ty Sách Giáo Dục | Sách bài tập Tiếng Việt 2, Vở tập viết",Giáo dục,gemini_synthetic,0.9
Wall Street English | Phí tư vấn khóa học tiếng Anh giao tiếp,Giáo dục,gemini_synthetic,0.9
Giáo Dục FPT | Học phí hệ cao đẳng ngành CNTT,Giáo dục,gemini_synthetic,0.9
"Nhà sách Kim Đồng | Sách truyện khoa học cho bé, Bảng chữ cái tiếng Việt",Giáo dục,gemini_synthetic,0.9
"Siêu thị Co.opmart | Bộ dụng cụ học tập, Hộp bút chì màu",Giáo dục,gemini_synthetic,0.9
"Minh Khai Book | Sách tham khảo Ngữ Văn lớp 12, Sổ lò xo A4",Giáo dục,gemini_synthetic,0.9
"Học phí toán lớp 8, Bút chì 2B, Tẩy chì",Giáo dục,gemini_synthetic,0.9
"Sách giáo trình Kế toán tài chính, Vở ghi chép A5",Giáo dục,gemini_synthetic,0.9
"Khóa học tiếng Trung online, Sổ tay từ vựng",Giáo dục,gemini_synthetic,0.9
"Lệ phí thi TOEFL IBT, Sách luyện thi TOEFL",Giáo dục,gemini_synthetic,0.9
"Văn phòng phẩm: Bút bi xanh, Bút xóa, Giấy note",Giáo dục,gemini_synthetic,0.9
Học phí khóa học nhạc cụ Piano,Giáo dục,gemini_synthetic,0.9
"Sách ""Vật lý đại cương"", Tập kẻ ngang",Giáo dục,gemini_synthetic,0.9
"Đăng ký thi chứng chỉ tiếng Nhật N3, Giáo trình Minna no Nihongo",Giáo dục,gemini_synthetic,0.9
Nhà Sách Fahasa,Giáo dục,gemini_synthetic,0.9
ILA | Học phí Tiếng Anh Giao Tiếp tháng 9,Giáo dục,gemini_synthetic,0.9
"Anh văn Hội Việt Mỹ (VUS) | Học phí khóa SuperKids level 3, Sách Grammar Practice",Giáo dục,gemini_synthetic,0.9
"ACET Language School | Khóa học Academic English, Tài liệu ôn thi IELTS",Giáo dục,gemini_synthetic,0.9
"Trung Tâm Anh Ngữ YOLA | Học phí IELTS Intensive 6.5, Phí kiểm tra trình độ",Giáo dục,gemini_synthetic,0.9
"Apax English | Khóa học tiếng Anh cho trẻ em, Bộ sách Family and Friends",Giáo dục,gemini_synthetic,0.9
"Trường Đại Học FPT | Học phí HK1 năm học 2024-2025, Phí cơ sở vật chất",Giáo dục,gemini_synthetic,0.9
"RMIT Việt Nam | Học phí ngành Business Analytics, Giáo trình Digital Marketing",Giáo dục,gemini_synthetic,0.9
"Nhà Sách Fahasa | Sách giáo khoa Ngữ Văn 11, Vở caro 120 trang x3, Bút Thiên Long 0.5mm x5",Giáo dục,gemini_synthetic,0.9
"Tiki | Sách luyện thi THPT Quốc gia Toán, Bộ đề thi Vật Lý",Giáo dục,gemini_synthetic,0.9
"Phương Nam Book | Từ điển Anh-Việt, Sách ôn tập Hóa Học",Giáo dục,gemini_synthetic,0.9
"Udemy | Khóa học Machine Learning Masterclass, Tài liệu lập trình Python",Giáo dục,gemini_synthetic,0.9
"Coursera | Đăng ký chuyên ngành Data Science, Chứng chỉ hoàn thành khóa học",Giáo dục,gemini_synthetic,0.9
Edumall | Combo khóa học thiết kế đồ họa,Giáo dục,gemini_synthetic,0.9
"Trường THPT Lê Quý Đôn | Tiền học thêm môn Toán, Phí tài liệu ôn thi",Giáo dục,gemini_synthetic,0.9
"Đại học Bách Khoa TP.HCM | Học phí tín chỉ Hóa Đại Cương, Sách bài tập",Giáo dục,gemini_synthetic,0.9
"Học viện Ngân hàng | Học phí chuyên ngành Tài chính Ngân hàng, Giáo trình Kinh tế Vĩ mô",Giáo dục,gemini_synthetic,0.9
"WinMart | Vở học sinh 100 trang, Bút chì HB x2, Tẩy Pentel",Giáo dục,gemini_synthetic,0.9
"KHÁCH SẠN THẢO MY | Khăn, Trái Cây, Sài gòn xanh, Bánh kẹo, Tiền phòng (Phòng 108, 2 giờ)",Du lịch,manual,1.0
"LE CHAMP TU LE RESORT HOT SPRING & SPA | Đồ uống trong phòng (Minibar) khách chuyến p, Dịch vụ ăn uống (KHAU PHA Restaurant), Dịch vụ phòng nghỉ (Room Charge) Extra Child, Dịch vụ phòng nghỉ (Room Charge) Extra Bed, Dịch vụ ăn uống (KHAU PHA Restaurant), Dịch vụ ăn uống (KHAU PHA Restaurant), Dịch vụ phòng nghỉ (Room Charge) Extra Child, Dịch vụ phòng nghỉ (Room Charge) Extra Bed, Đồ uống trong phòng (Minibar), Đồ uống trong phòng (Minibar)",Du lịch,manual,1.0
CÔNG TY CỔ PHẦN MISA | Phí thuê phòng từ 18/09/2020-20/09/2020,Du lịch,auto_verified,0.8
"VietAZ hotel | Bia 333 (Minibar ), Áo sơ mi ( Giặt ủi ), Tiền phòng",Du lịch,auto_verified,0.8
Vietnam Airlines | Vé máy bay SGN-HAN khứ hồi cho 2 người lớn,Du lịch,gemini_synthetic,0.9
Vinpearl Resort & Spa Phú Quốc | Phòng Deluxe Garden View 3 đêm,Du lịch,gemini_synthetic,0.9
Vietravel | Tour du lịch Đà Nẵng - Hội An 4N3Đ trọn gói,Du lịch,gemini_synthetic,0.9
Phương Trang | Vé xe giường nằm HCM-Đà Lạt ngày 15/10,Du lịch,gemini_synthetic,0.9
"Mường Thanh Luxury Nha Trang | Phòng Superior King 2 đêm, bao gồm ăn sáng",Du lịch,gemini_synthetic,0.9
"Bamboo Airways | Vé máy bay HAN-DAD 1 chiều, hành lý 15kg",Du lịch,gemini_synthetic,0.9
"Saigontourist | Tour khám phá Miền Tây 3N2Đ, khởi hành cuối tuần",Du lịch,gemini_synthetic,0.9
Khách sạn Majestic Sài Gòn | Thuê phòng Executive Suite 1 đêm,Du lịch,gemini_synthetic,0.9
Vietnam Railways | Vé tàu SE4 Hà Nội - TP.HCM khoang 4 giường,Du lịch,gemini_synthetic,0.9
"Novotel Phú Quốc Resort | Gói nghỉ dưỡng gia đình 4N3Đ, đưa đón sân bay",Du lịch,gemini_synthetic,0.9
"VietJet Air | Vé VJ SGN-HPH khứ hồi, chọn chỗ ngồi",Du lịch,gemini_synthetic,0.9
"FLC Grand Hotel Quy Nhơn | Phòng Premier Ocean View 2 đêm, buffet sáng",Du lịch,gemini_synthetic,0.9
BenThanh Tourist | Tour Phú Quốc 4N3Đ - tham quan Safari & VinWonders,Du lịch,gemini_synthetic,0.9
"Thành Bưởi | Vé xe khách TP.HCM-Đà Lạt 2 chiều, loại Limousine",Du lịch,gemini_synthetic,0.9
Pullman Danang Beach Resort | Đặt phòng Deluxe 1 giường đôi 3 ngày,Du lịch,gemini_synthetic,0.9
InterContinental Danang Sun Peninsula Resort | Biệt thự 1 phòng ngủ 2 đêm,Du lịch,gemini_synthetic,0.9
"Hanoitourist | Tour Mộc Châu 2N1Đ, bao gồm xe và hướng dẫn viên",Du lịch,gemini_synthetic,0.9
Vietnam Airlines | Nâng hạng ghế phổ thông lên thương gia cho chuyến bay VN218,Du lịch,gemini_synthetic,0.9
"JW Marriott Phu Quoc Emerald Bay | Gói Honeymoon Suite 5N4Đ, dịch vụ spa",Du lịch,gemini_synthetic,0.9
Bến xe Miền Đông | Vé xe đi Bình Thuận ngày lễ,Du lịch,gemini_synthetic,0.9
Agoda | Đặt phòng Mercure Vũng Tàu 2 đêm,Du lịch,gemini_synthetic,0.9
Traveloka | Vé máy bay VietJet Air Đà Nẵng - Sài Gòn,Du lịch,gemini_synthetic,0.9
"The Anam Cam Ranh | Villa hướng biển 3 đêm, bao gồm bữa tối",Du lịch,gemini_synthetic,0.9
SaigonBus | Vé xe tuyến Vũng Tàu - Sài Gòn (ghế ngồi),Du lịch,gemini_synthetic,0.9
Sài Gòn Tourist | Đặt tour du thuyền Hạ Long 2 ngày 1 đêm,Du lịch,gemini_synthetic,0.9
"Khách sạn Mường Thanh Grand Sài Gòn | Phòng đôi 1 đêm, có hồ bơi",Du lịch,gemini_synthetic,0.9
Vietravel | Vé máy bay kèm khách sạn Bangkok 4N3Đ,Du lịch,gemini_synthetic,0.9
Bamboo Airways | Hành lý ký gửi thêm 20kg chuyến bay QH123,Du lịch,gemini_synthetic,0.9
"Vé máy bay HAN-SGN khứ hồi, hãng VNA",Du lịch,gemini_synthetic,0.9
"Phòng Deluxe hướng biển 3 đêm, bao gồm ăn sáng",Du lịch,gemini_synthetic,0.9
"Tour Côn Đảo 3N2Đ trọn gói, xuất phát từ Sài Gòn",Du lịch,gemini_synthetic,0.9
Vé xe giường nằm Buôn Ma Thuột - TP.HCM,Du lịch,gemini_synthetic,0.9
Đặt phòng khách sạn 4 sao tại Hội An 2 đêm,Du lịch,gemini_synthetic,0.9
"Vé tham quan VinWonders Phú Quốc, 2 người lớn",Du lịch,gemini_synthetic,0.9
"Vé tàu SE8 Sài Gòn - Nha Trang, khoang mềm điều hòa",Du lịch,gemini_synthetic,0.9
Dịch vụ đưa đón sân bay Đà Nẵng về Hội An,Du lịch,gemini_synthetic,0.9
Vietnam Airlines,Du lịch,gemini_synthetic,0.9
Vietravel,Du lịch,gemini_synthetic,0.9
Novotel Phú Quốc Resort,Du lịch,gemini_synthetic,0.9
Phương Trang,Du lịch,gemini_synthetic,0.9
Vietnam Airlines | Vé HAN-SGN khứ hồi hạng phổ thông,Du lịch,gemini_synthetic,0.9
"Vinpearl Resort Nha Trang | Phòng Deluxe Garden View 3N2Đ, bữa sáng",Du lịch,gemini_synthetic,0.9
Vietravel | Tour Sapa-Fansipan 3N2Đ trọn gói cho 2 người,Du lịch,gemini_synthetic,0.9
"Phương Trang | Vé xe khách giường nằm HCM-Đà Lạt, 2 ghế",Du lịch,gemini_synthetic,0.9
"VietJet Air | Vé VJ SGN-DAD một chiều, hành lý 15kg",Du lịch,gemini_synthetic,0.9
"Mường Thanh Luxury Đà Nẵng | Phòng Superior King 2 đêm, hồ bơi",Du lịch,gemini_synthetic,0.9
"Saigontourist | Đặt tour Phú Quốc 4N3Đ, khách sạn 5 sao",Du lịch,gemini_synthetic,0.9
"Đường sắt Việt Nam | Vé tàu SE4 Sài Gòn-Nha Trang, toa giường nằm mềm",Du lịch,gemini_synthetic,0.9
Bamboo Airways | Vé máy bay BMV-HAN khứ hồi,Du lịch,gemini_synthetic,0.9
"Novotel Phú Quốc Resort | 2 phòng Standard 2 đêm, dịch vụ đưa đón sân bay",Du lịch,gemini_synthetic,0.9
"Majestic Sài Gòn | Phòng Colonial City View, 1 đêm",Du lịch,gemini_synthetic,0.9
"Vé máy bay SGN-Côn Đảo khứ hồi, hành lý xách tay",Du lịch,gemini_synthetic,0.9
"Vé tàu Hà Nội-Đà Nẵng, ghế mềm điều hòa",Du lịch,gemini_synthetic,0.9
"Khách sạn Mường Thanh Hà Nội | Phòng đôi 1 đêm, ăn sáng",Du lịch,gemini_synthetic,0.9
"Tour miền Tây 2 ngày 1 đêm, tham quan chợ nổi",Du lịch,gemini_synthetic,0.9
Khách sạn Victoria Hội An | Phòng Balcony View biển 2 đêm,Du lịch,gemini_synthetic,0.9
Vé xe giường nằm Cần Thơ-Hà Nội,Du lịch,gemini_synthetic,0.9
"Vé máy bay HAN-DAD khứ hồi, hạng Eco",Du lịch,gemini_synthetic,0.9
Vinpearl Resort & Spa Phú Quốc | Biệt thự 2 phòng ngủ 3 đêm,Du lịch,gemini_synthetic,0.9
Saigontourist | Tour du thuyền Hạ Long 2N1Đ,Du lịch,gemini_synthetic,0.9
"VietJet Air | Vé SGN-HUI 1 chiều, chọn chỗ ngồi",Du lịch,gemini_synthetic,0.9
"Phương Trang | Vé HCM-Vũng Tàu khứ hồi, 4 chỗ",Du lịch,gemini_synthetic,0.9
InterContinental Đà Nẵng | Phòng Club InterContinental 2 đêm,Du lịch,gemini_synthetic,0.9
"Bamboo Airways | Vé HAN-NHA khứ hồi, ưu tiên check-in",Du lịch,gemini_synthetic,0.9
"Vietravel | Đặt tour miền Trung 5N4Đ, khách sạn 4 sao",Du lịch,gemini_synthetic,0.9
Mường Thanh Luxury Cần Thơ | Phòng Executive Suite 1 đêm,Du lịch,gemini_synthetic,0.9
Agoda | Đặt phòng The Reverie Saigon 2 đêm,Du lịch,gemini_synthetic,0.9
"Vé máy bay VJ SGN-DAD, bảo hiểm du lịch",Du lịch,gemini_synthetic,0.9
Vé xe giường nằm chất lượng cao Sài Gòn-Nha Trang,Du lịch,gemini_synthetic,0.9
Khách sạn Majestic Sài Gòn,Du lịch,gemini_synthetic,0.9
"Tour du lịch Cần Thơ 3N2Đ, vé tham quan",Du lịch,gemini_synthetic,0.9
Vietnam Airlines | Mua thêm hành lý ký gửi SGN-DAD,Du lịch,gemini_synthetic,0.9
Vinpearl Resort Nha Trang | Thêm 1 đêm phòng Deluxe,Du lịch,gemini_synthetic,0.9
Vietravel | Đặt cọc tour Huế-Đà Nẵng 4N3Đ,Du lịch,gemini_synthetic,0.9
Bamboo Airways,Du lịch,gemini_synthetic,0.9
"Đường sắt Việt Nam | Vé tàu SE1 Hà Nội-Sài Gòn, 2 giường mềm",Du lịch,gemini_synthetic,0.9
Novotel Phú Quốc | Thuê xe đưa đón sân bay,Du lịch,gemini_synthetic,0.9
"VietJet Air | Vé máy bay HAN-DAD khứ hồi, 2 khách",Du lịch,gemini_synthetic,0.9
"VietJet Air | Vé VJ SGN-HAN, hành lý 15kg",Du lịch,gemini_synthetic,0.9
"Mường Thanh Luxury Đà Nẵng | Phòng Superior view biển 3 đêm, buffet sáng",Du lịch,gemini_synthetic,0.9
"Saigontourist | Tour Phú Quốc 4N3Đ trọn gói, vé cáp treo Hòn Thơm",Du lịch,gemini_synthetic,0.9
"Vé máy bay SGN-DAD khứ hồi, khách sạn 3 đêm Đà Nẵng",Du lịch,gemini_synthetic,0.9
"Bamboo Airways | Vé máy bay HAN-DAD khứ hồi, chọn chỗ ngồi",Du lịch,gemini_synthetic,0.9
"Novotel Phú Quốc Resort | Phòng Suite Ocean View 2 đêm, đưa đón sân bay",Du lịch,gemini_synthetic,0.9
"FLC Quy Nhơn Beach & Golf Resort | Villa 3 phòng ngủ 2 đêm, xe đưa đón",Du lịch,gemini_synthetic,0.9
"Khách sạn Majestic Sài Gòn | Phòng Deluxe ban công, tiệc tối",Du lịch,gemini_synthetic,0.9
"Phương Trang | Vé xe giường nằm HCM-Đà Lạt, chuyến 10h sáng",Du lịch,gemini_synthetic,0.9
"Vietnam Airlines | Vé máy bay SGN-BKK, bảo hiểm du lịch",Du lịch,gemini_synthetic,0.9
"Tour Hạ Long 2 ngày 1 đêm, tàu ngủ đêm",Du lịch,gemini_synthetic,0.9
"Vietravel | Tour Sapa 3N2Đ, tàu hỏa Hà Nội-Lào Cai",Du lịch,gemini_synthetic,0.9
"Vinpearl Resort Nha Trang | Phòng Deluxe Garden View 3N2Đ, vé VinWonders",Du lịch,gemini_synthetic,0.9
"Thành Bưởi | Vé xe HCM-Cần Thơ, ghế ngồi",Du lịch,gemini_synthetic,0.9
Accor Hotels | Phòng khách sạn Pullman Saigon Centre 1 đêm,Du lịch,gemini_synthetic,0.9
"AirAsia | Vé máy bay SGN-KUL, hành lý ký gửi",Du lịch,gemini_synthetic,0.9
"BenThanh Tourist | Tour Thái Lan 5N4Đ, vé máy bay khứ hồi",Du lịch,gemini_synthetic,0.9
"Vé tàu SE1 Hà Nội-Sài Gòn, giường nằm khoang 4",Du lịch,gemini_synthetic,0.9
"InterContinental Danang Sun Peninsula | Villa Royal 2 đêm, spa",Du lịch,gemini_synthetic,0.9
"Khách sạn Mường Thanh Grand Hạ Long | Phòng Twin 2 đêm, ăn sáng",Du lịch,gemini_synthetic,0.9
"VNA | Vé HAN-PQC khứ hồi, suất ăn nóng",Du lịch,gemini_synthetic,0.9
"VietJet Air | Vé máy bay VJ DAD-SGN, phí đổi tên",Du lịch,gemini_synthetic,0.9
"Phòng Deluxe có ăn sáng 2 đêm, phí resort",Du lịch,gemini_synthetic,0.9
"Vinpearl Luxury Landmark 81 | Phòng Executive Suite 1 đêm, hồ bơi vô cực",Du lịch,gemini_synthetic,0.9
"Pacific Airlines | Vé BL SGN-DAD, thêm hành lý xách tay",Du lịch,gemini_synthetic,0.9
Saigontourist | Đặt phòng khách sạn Metropole Hà Nội 1 đêm,Du lịch,gemini_synthetic,0.9
"Phương Trang | Vé xe khách Vũng Tàu-HCM, giường nằm",Du lịch,gemini_synthetic,0.9
"Vietravel | Visa Hàn Quốc, đặt vé máy bay HAN-ICN",Du lịch,gemini_synthetic,0.9
"Mường Thanh Holiday Hội An | Phòng Standard 2N1Đ, xe đạp miễn phí",Du lịch,gemini_synthetic,0.9
"Vietnam Railways (VNR) | Vé tàu SE4 Sài Gòn-Hà Nội, khoang 4 điều hòa",Du lịch,gemini_synthetic,0.9
Vé xe khách Nha Trang - Buôn Ma Thuột giường nằm,Du lịch,gemini_synthetic,0.9
"Bamboo Airways | Vé máy bay BQN-HCM, ưu tiên lên máy bay",Du lịch,gemini_synthetic,0.9
"Vinpearl Resort & Spa Phú Quốc | Bungalow biển 3 ngày 2 đêm, vé safari",Du lịch,gemini_synthetic,0.9
"Bảo hiểm du lịch quốc tế 7 ngày, đổi lịch bay",Du lịch,gemini_synthetic,0.9
"Thuê xe ô tô tự lái Đà Lạt 3 ngày, vé tham quan Thung Lũng Tình Yêu",Du lịch,gemini_synthetic,0.9
Vinpearl Resort,Du lịch,gemini_synthetic,0.9
"Dịch vụ đưa đón sân bay Tân Sơn Nhất, vé máy bay PQC-SGN",Du lịch,gemini_synthetic,0.9
"Vé máy bay SGN-DAD khứ hồi, gói hành lý 15kg",Du lịch,gemini_synthetic,0.9
"Phòng Executive Suite 2 đêm, ăn sáng miễn phí",Du lịch,gemini_synthetic,0.9
"Tour Hạ Long 2 ngày 1 đêm, xe đưa đón Hà Nội - Hạ Long",Du lịch,gemini_synthetic,0.9
"Vé tàu SE4 giường nằm mềm, chặng TP.HCM - Đà Nẵng",Du lịch,gemini_synthetic,0.9
"Vé xe Phương Trang giường nằm, Tuyến Sài Gòn - Đà Lạt",Du lịch,gemini_synthetic,0.9
"Dịch vụ đón tiễn sân bay Tân Sơn Nhất, xe 7 chỗ",Du lịch,gemini_synthetic,0.9
"Bảo hiểm du lịch quốc tế, gói phổ thông 7 ngày",Du lịch,gemini_synthetic,0.9
"Thuê xe 7 chỗ tự lái 3 ngày, đi phượt Tây Bắc",Du lịch,gemini_synthetic,0.9
VietJet Air,Du lịch,gemini_synthetic,0.9
Saigontourist,Du lịch,gemini_synthetic,0.9
Vinpearl Resort & Spa Phú Quốc,Du lịch,gemini_synthetic,0.9
Đường sắt Việt Nam,Du lịch,gemini_synthetic,0.9
"Vietnam Airlines | Vé HAN-SGN khứ hồi, hạng phổ thông linh hoạt",Du lịch,gemini_synthetic,0.9
"Novotel Phú Quốc Resort | Phòng Superior hướng biển 3 đêm, bao gồm ăn sáng",Du lịch,gemini_synthetic,0.9
"Vietravel | Tour miền Tây sông nước 2N1Đ, khách sạn 3 sao",Du lịch,gemini_synthetic,0.9
"Phương Trang | Vé xe giường nằm HCM-Nha Trang, 2 vé",Du lịch,gemini_synthetic,0.9
"Khách sạn Majestic Sài Gòn | Phòng Deluxe ban công, 1 đêm nghỉ",Du lịch,gemini_synthetic,0.9
"Bamboo Airways | Vé máy bay TP.HCM-Đà Nẵng một chiều, 2 người lớn",Du lịch,gemini_synthetic,0.9
Mường Thanh Luxury Đà Nẵng | Combo phòng đôi 2 đêm + ăn sáng,Du lịch,gemini_synthetic,0.9
"Fiditour | Tour Côn Đảo 3N2Đ, bao gồm vé máy bay khứ hồi",Du lịch,gemini_synthetic,0.9
"Thành Bưởi | Vé xe Sài Gòn - Đà Lạt, ghế ngồi VIP",Du lịch,gemini_synthetic,0.9
Agoda | Đặt phòng InterContinental Phú Quốc 4 đêm,Du lịch,gemini_synthetic,0.9
"Booking.com | Khách sạn The Anam Cam Ranh, villa hồ bơi riêng 2 đêm",Du lịch,gemini_synthetic,0.9
"Pacific Airlines | Vé máy bay SGN-HAN, 1 người, hành lý 20kg",Du lịch,gemini_synthetic,0.9
"FLC Quy Nhơn | Phòng Family Suite 3 đêm, voucher spa",Du lịch,gemini_synthetic,0.9
"BenThanh Tourist | Tour du lịch Nhật Bản 7 ngày 6 đêm, visa trọn gói",Du lịch,gemini_synthetic,0.9
"Vietnam Railway | Vé tàu SE1 ghế mềm Hà Nội-Sài Gòn, 1 vé",Du lịch,gemini_synthetic,0.9
"VietJet Air | Vé VJ Hà Nội - Phú Quốc, 2 người lớn, 1 hành lý ký gửi",Du lịch,gemini_synthetic,0.9
"Vinpearl Resort Nha Trang | Gói nghỉ dưỡng 3N2Đ, vé vui chơi VinWonders",Du lịch,gemini_synthetic,0.9
"Saigontourist | Tour Đà Lạt 4N3Đ, khách sạn 4 sao, xe du lịch đời mới",Du lịch,gemini_synthetic,0.9
"Phương Trang | Vé xe khách Cao Bằng - Hà Nội, giường nằm đôi",Du lịch,gemini_synthetic,0.9
"Mường Thanh Holiday Hội An | Phòng Twin 2 đêm, view phố cổ",Du lịch,gemini_synthetic,0.9
"Bamboo Airways | Vé máy bay khứ hồi Đà Nẵng - Cần Thơ, hạng thương gia",Du lịch,gemini_synthetic,0.9
"Traveloka | Đặt phòng resort Victoria Sapa 2 đêm, view núi",Du lịch,gemini_synthetic,0.9
"Khách sạn Rex Sài Gòn | Phòng Premium 1 đêm, buffet sáng",Du lịch,gemini_synthetic,0.9
"Vietravel | Tour Sapa 3N2Đ, vé tàu khứ hồi Hà Nội - Lào Cai",Du lịch,gemini_synthetic,0.9
Vietnam Airlines | Nâng hạng ghế phổ thông lên thương gia SGN-VCA,Du lịch,gemini_synthetic,0.9
"Novotel Nha Trang | Gói honeymoon 3N2Đ, xe đưa đón sân bay",Du lịch,gemini_synthetic,0.9
"Saigontourist | Vé tham quan Vinpearl Land, 2 người lớn",Du lịch,gemini_synthetic,0.9
"Đường sắt VN | Vé tàu SN4 chặng Nha Trang - Sài Gòn, ghế mềm điều hòa",Du lịch,gemini_synthetic,0.9
"Vietnam Airlines | Vé máy bay SGN-HAN khứ hồi, 2 khách",Du lịch,gemini_synthetic,0.9
"VietJet Air | Vé VJ Hà Nội-Đà Nẵng, 1 chiều",Du lịch,gemini_synthetic,0.9
"Bamboo Airways | Vé BMV Phú Quốc-HCM, hạng Phổ thông",Du lịch,gemini_synthetic,0.9
"Vinpearl Resort Nha Trang | Phòng Deluxe Garden View 3 đêm, kèm ăn sáng",Du lịch,gemini_synthetic,0.9
"Mường Thanh Luxury Đà Nẵng | Phòng Superior King size, 2 đêm",Du lịch,gemini_synthetic,0.9
"Novotel Phú Quốc Resort | 01 đêm phòng Standard, đón sân bay",Du lịch,gemini_synthetic,0.9
"Khách sạn Majestic Sài Gòn | Phòng Excelsior Balcony, 1 khách",Du lịch,gemini_synthetic,0.9
"Saigontourist | Tour miền Tây 2N1Đ, khách lẻ ghép đoàn",Du lịch,gemini_synthetic,0.9
"Vietravel | Tour du lịch Sapa 3N2Đ, khởi hành cuối tuần",Du lịch,gemini_synthetic,0.9
"Phương Trang | Vé xe giường nằm HCM-Đà Lạt, 2 vé",Du lịch,gemini_synthetic,0.9
"Đường sắt Việt Nam | Vé tàu SE4 Sài Gòn-Nha Trang, toa giường mềm",Du lịch,gemini_synthetic,0.9
"InterContinental Danang | Villa 2 phòng ngủ, 4 ngày 3 đêm",Du lịch,gemini_synthetic,0.9
"Agoda | Đặt phòng The Anam Resort Cam Ranh, 5D4N",Du lịch,gemini_synthetic,0.9
"Traveloka | Vé máy bay đi Singapore, khứ hồi, 2 người",Du lịch,gemini_synthetic,0.9
"BenThanh Tourist | Tour Thái Lan 5N4Đ, bay VietJet",Du lịch,gemini_synthetic,0.9
Fiditour | Combo Đà Lạt: vé xe khứ hồi + phòng khách sạn 2 đêm,Du lịch,gemini_synthetic,0.9
"Khách sạn Mường Thanh | 2 đêm phòng đôi tại Vũng Tàu, view biển",Du lịch,gemini_synthetic,0.9
"Vietnam Airlines | Vé máy bay HAN-DAD khứ hồi, hạng thương gia",Du lịch,gemini_synthetic,0.9
"VietJet Air | VJ Sài Gòn-Phú Quốc, bay đêm",Du lịch,gemini_synthetic,0.9
"Bamboo Air | Vé PQ-HCM 2 pax, bay sáng",Du lịch,gemini_synthetic,0.9
"Vinpearl Resort & Spa Phú Quốc | Phòng Ocean View Suite 3D2N, full board",Du lịch,gemini_synthetic,0.9
"Mường Thanh Hotel | Phòng ĐL 1 đêm, 2 người lớn",Du lịch,gemini_synthetic,0.9
"Novotel Resort Đà Nẵng | Phòng Executive, 2 đêm, kèm buffet sáng",Du lịch,gemini_synthetic,0.9
"Saigontourist | Tour HN-HL-NB 4N3Đ trọn gói, khởi hành t4",Du lịch,gemini_synthetic,0.9
"Vietravel | Tour PQ 3N2Đ, 02 khách, bao vé MB",Du lịch,gemini_synthetic,0.9
"Phương Trang | Vé xe HCM-Nha Trang, giường nằm, 1 vé",Du lịch,gemini_synthetic,0.9
"Vietnam Railway | Vé tàu Thống Nhất SGN-HNI, giường cứng",Du lịch,gemini_synthetic,0.9
"Khách sạn Pullman Hà Nội | Phòng Deluxe 2 đêm, có ăn sáng",Du lịch,gemini_synthetic,0.9
"Vé máy bay SGN-Phú Quốc, khứ hồi, 2 người",Du lịch,gemini_synthetic,0.9
"Phòng Superior khách sạn Hội An, 3 đêm, bao gồm bữa sáng",Du lịch,gemini_synthetic,0.9
"Tour trekking Sapa 2N1Đ, ăn ở bản làng",Du lịch,gemini_synthetic,0.9
"Vé xe khách Hà Nội-Lào Cai, giường nằm cao cấp",Du lịch,gemini_synthetic,0.9
"Vé máy bay từ Huế đi Sài Gòn, 1 chiều, hạng phổ thông",Du lịch,gemini_synthetic,0.9
"Đặt phòng resort tại Mũi Né, 2 đêm, view biển",Du lịch,gemini_synthetic,0.9
"Tour Vịnh Hạ Long 1 ngày, bao ăn trưa trên tàu",Du lịch,gemini_synthetic,0.9
"Vé tàu Sài Gòn-Đà Nẵng, khoang 4 giường mềm",Du lịch,gemini_synthetic,0.9
Vinpearl Resort & Spa,Du lịch,gemini_synthetic,0.9
Vinpearl Phú Quốc,Du lịch,gemini_synthetic,0.9
"Vé máy bay SGN-HAN khứ hồi, gói bảo hiểm du lịch quốc tế",Du lịch,gemini_synthetic,0.9
"Phòng Superior 2 đêm, thuê xe ô tô đưa đón sân bay",Du lịch,gemini_synthetic,0.9
"Tour Hạ Long 2 ngày 1 đêm, vé tàu HN-Lào Cai",Du lịch,gemini_synthetic,0.9
"Vé xe giường nằm HCM-Nha Trang, phòng khách sạn gần biển 1 đêm",Du lịch,gemini_synthetic,0.9
"Vietnam Airlines | Vé máy bay HAN-SGN khứ hồi, suất ăn đặc biệt",Du lịch,gemini_synthetic,0.9
"VietJet Air | Vé VJ SG-ĐN 2 chiu, hành lý ký gửi 20kg",Du lịch,gemini_synthetic,0.9
"Bamboo Airways | Vé QH Phú Quốc - TP.HCM, chọn chỗ ngồi",Du lịch,gemini_synthetic,0.9
"Mường Thanh Luxury Đà Nẵng | Phòng Deluxe view biển 3 đêm, bữa sáng buffet",Du lịch,gemini_synthetic,0.9
"Novotel Phú Quốc Resort | 2 phòng Standard 4 ngày 3 đêm, dịch vụ spa",Du lịch,gemini_synthetic,0.9
"Saigontourist | Tour miền Tây sông nước 2N1Đ, khách sạn 3 sao",Du lịch,gemini_synthetic,0.9
Phương Trang | Vé xe giường nằm tuyến SG-ĐL 2 vé,Du lịch,gemini_synthetic,0.9
"Đường sắt Việt Nam | Vé tàu SE4 Hà Nội-Đà Nẵng, toa giường mềm",Du lịch,gemini_synthetic,0.9
Agoda | Đặt phòng InterContinental Danang 1 đêm,Du lịch,gemini_synthetic,0.9
"Traveloka | Vé máy bay VJ SGN-PQC, bảo hiểm du lịch",Du lịch,gemini_synthetic,0.9
"Khách sạn Majestic Sài Gòn | Phòng Suite hướng sông 1 đêm, bữa tối lãng mạn",Du lịch,gemini_synthetic,0.9
"Vietravel | Tour Sapa 3N2Đ - 2 khách, cáp treo Fansipan",Du lịch,gemini_synthetic,0.9
"Vinpearl Resort & Spa Nha Trang | 3 phòng Family Suite 5 ngày 4 đêm, vé vui chơi VinWonders",Du lịch,gemini_synthetic,0.9
Thành Bưởi | Vé xe khách TP.HCM - Đà Lạt 2 chiều,Du lịch,gemini_synthetic,0.9
"Vietravel | Tour Đà Lạt 3N2Đ - 2 người lớn, vé xe giường nằm khứ hồi",Du lịch,gemini_synthetic,0.9
Vietnam Airlines | Vé HAN-SGN khứ hồi ngày 20/4,Du lịch,gemini_synthetic,0.9
Mường Thanh Luxury Đà Lạt,Du lịch,gemini_synthetic,0.9
"Vé máy bay SGN-HAN khứ hồi, hành lý 15kg",Du lịch,gemini_synthetic,0.9
"Phòng Deluxe Double 2 đêm, bữa sáng kèm",Du lịch,gemini_synthetic,0.9
"Tour du lịch Hạ Long 2N1Đ, vé thuyền kayak",Du lịch,gemini_synthetic,0.9
"Vé xe giường nằm Hà Nội - Sapa, 2 người lớn",Du lịch,gemini_synthetic,0.9
"Vé tàu SE3 Sài Gòn - Đà Nẵng, toa số 5, ghế mềm",Du lịch,gemini_synthetic,0.9
"Dịch vụ thuê xe 7 chỗ đi Vũng Tàu 2 ngày, xăng xe",Du lịch,gemini_synthetic,0.9
"Bảo hiểm du lịch nước ngoài 5 ngày, phí visa",Du lịch,gemini_synthetic,0.9
"Vé tham quan VinWonders Phú Quốc, xe đưa đón",Du lịch,gemini_synthetic,0.9
"Vietjet Air | Vé VJ SGN-DAD ngày 20/7, phí chọn ghế",Du lịch,gemini_synthetic,0.9
"Bamboo Airways | Vé HAN-SGN khứ hồi, hành lý 20kg",Du lịch,gemini_synthetic,0.9
"Pacific Airlines | Vé máy bay BL502 TPHCM-Đà Nẵng, suất ăn",Du lịch,gemini_synthetic,0.9
"Vietnam Airlines | Vé TP.HCM-Phú Quốc, hạng phổ thông",Du lịch,gemini_synthetic,0.9
"Vietjet Air | Đổi vé VJ240 SGN-HPH, phụ phí dịch vụ",Du lịch,gemini_synthetic,0.9
"Vietnam Airlines | Vé khứ hồi Hà Nội - Huế, 2 pax",Du lịch,gemini_synthetic,0.9
"Vinpearl Resort Nha Trang | Phòng Sea View 3 đêm, hồ bơi",Du lịch,gemini_synthetic,0.9
"Mường Thanh Luxury Đà Nẵng | Phòng Superior King, 1 đêm, ăn sáng",Du lịch,gemini_synthetic,0.9
"Novotel Phú Quốc Resort | Villa 3 phòng ngủ 4N3Đ, xe đón tiễn sân bay",Du lịch,gemini_synthetic,0.9
"Khách sạn Majestic Sài Gòn | Phòng Colonial Deluxe, check-out muộn 14h",Du lịch,gemini_synthetic,0.9
"InterContinental Danang | Club Room, 2 đêm nghỉ dưỡng, quyền lợi Club",Du lịch,gemini_synthetic,0.9
"JW Marriott Phu Quoc | Premier Lagoon Access 3D2N, welcome drink",Du lịch,gemini_synthetic,0.9
"The Reverie Saigon | Phòng Suite Executive, 1 đêm, laundry service",Du lịch,gemini_synthetic,0.9
"Saigontourist | Tour Phú Quốc 4N3Đ trọn gói, vé MB & KS",Du lịch,gemini_synthetic,0.9
"Vietravel | Tour trekking Sapa 3N2Đ, tàu hỏa khứ hồi",Du lịch,gemini_synthetic,0.9
"Hanoitourist | Tour Vịnh Hạ Long 2N1Đ, du thuyền 5*, vé kayak",Du lịch,gemini_synthetic,0.9
"Fiditour | Combo Đà Nẵng 3N2Đ (vé máy bay + phòng KS), ăn tối",Du lịch,gemini_synthetic,0.9
"BenThanh Tourist | Tour Mũi Né - Phan Thiết 2N1Đ, xe du lịch",Du lịch,gemini_synthetic,0.9
"Thành Bưởi | Vé xe giường nằm Sài Gòn - Đà Lạt, 2 vé tầng dưới",Du lịch,gemini_synthetic,0.9
"Phương Trang | Vé xe khách HCM-Cần Thơ, ghế ngồi, lượt đi",Du lịch,gemini_synthetic,0.9
"Kumho Samco | Vé khứ hồi Sài Gòn - Vũng Tàu, chỗ vip",Du lịch,gemini_synthetic,0.9
"Phương Trang | Vé Đà Lạt - Nha Trang, xe trung chuyển",Du lịch,gemini_synthetic,0.9
"Đường sắt Việt Nam | Vé tàu SE1 Sài Gòn - Hà Nội, toa 4 giường",Du lịch,gemini_synthetic,0.9
"Đường sắt VN | Vé tàu SN4 Huế - Đà Nẵng, ghế mềm ĐH, 1 chiều",Du lịch,gemini_synthetic,0.9
"Phương Hoa | Giường Hương Xám 1m8 x 2m, Bàn Thờ Sồi vẽ Van, Táp Hương Xám, Tủ giày Xoan Đào, Bộ đệm ghế",Nhà cửa,manual,1.0
"ĐỒ GỖ NỘI THẤT NT | Tủ quần áo 3 cánh cua góc, Giường, Bàn trang điểm, Táp đầu giường, Kệ TV, Đợt treo TV, Tủ bếp dưới, Tủ bếp trên, Mặt đá bếp, Giá bát",Nhà cửa,manual,1.0
"NGUYỄN THỊ KHANH | Gương nhà vệ sinh, Bệt Viglacera, Bóng đèn hành lang, Chậu rửa chân treo tường, Van tiểu nam Viglacera, Bộ xã tiểu Viglacera",Nhà cửa,manual,1.0
"NỘI THẤT GIA LINH | Thảm trải sàn Phòng khách Thổ Nhĩ Kỳ, Bộ Sofa bàn trà phòng khách, Bộ giường tủ phòng ngủ, Kệ tivi gỗ tự nhiên cao cấp, Bộ bàn ăn gỗ tự nhiên cao cấp, Bộ giá sách kệ tủ sách đèn bàn, Đồng Hồ treo tường cổ điển gỗ tự nhiên",Nhà cửa,manual,1.0
"VIETCOM | Công tháo lắp, Phớt đuôi, giăng dàn cò, Lọc gió động cơ, Lọc nhớt hộp số, Nhớt động cơ, Lọc nhớt động cơ, Bugi, Nhớt hộp số CVT, Nước làm mát",Nhà cửa,auto_verified,0.8
"PHUONG GIA | Sửa chữa bộ bếp từ 12Kw - Không bao gồm kính,mâm đồng - Linh kiện sửa bao gồm: Hộp nguồn,quạt,cần gạt,đồng hồ,cảm biến, Chi phí nhân công sửa chữa",Nhà cửa,auto_verified,0.8
"SIEU THI BACH HOA TONG HOP | Gel tẩy rửa bồn cầu và nhà tắm Vim tr. T2, Vỉ chân bếp ga 51x88cm NT, Vỉ lót bếp ga vuông+tròn 3801+4001 NT",Nhà cửa,auto_verified,0.8
"TÍN ĐẠT | logo fiat, nắp nước, cao su chữ A nhỏ, rotvn lái trong, rotvn lái ngoài, ép cao su A nhỏ, cao su giảm chấn phuộc trước, công",Nhà cửa,auto_verified,0.8
Nội Thất Hoà Phát,Nhà cửa,gemini_synthetic,0.9
Điện Máy Xanh,Nhà cửa,gemini_synthetic,0.9
Dịch vụ vệ sinh Sạch & Xanh,Nhà cửa,gemini_synthetic,0.9
Sơn Dulux,Nhà cửa,gemini_synthetic,0.9
"Bàn ăn gỗ sồi 6 ghế, Kệ sách 5 tầng, Ghế bành đọc sách",Nhà cửa,gemini_synthetic,0.9
"Tủ lạnh Samsung Inverter 300L, Máy giặt Aqua 8kg, Máy hút bụi Electrolux",Nhà cửa,gemini_synthetic,0.9
"Sơn nước nội thất 18L, Chổi quét sơn, Bột trét tường",Nhà cửa,gemini_synthetic,0.9
"Bộ nồi inox 3 đáy, Chảo chống dính đáy từ, Dao bếp chặt xương",Nhà cửa,gemini_synthetic,0.9
"Vệ sinh máy lạnh 1.5HP, Xịt khử mùi phòng",Nhà cửa,gemini_synthetic,0.9
"Cây kim tiền lớn, Chậu sứ trắng, Đất dinh dưỡng",Nhà cửa,gemini_synthetic,0.9
"Gạch ốp tường 30x60, Xi măng trắng, Keo chít mạch",Nhà cửa,gemini_synthetic,0.9
"Đèn chùm pha lê, Đèn ngủ để bàn, Bóng đèn LED E27",Nhà cửa,gemini_synthetic,0.9
"Nguyễn Kim | Tủ lạnh Toshiba GR-AG58VPDZ(XK), Máy giặt Panasonic NA-F100A1WRV",Nhà cửa,gemini_synthetic,0.9
"MediaMart | Điều hoà Daikin FTKC25UVMV 1.0HP, Lò vi sóng Sharp R-20A1(S)VN",Nhà cửa,gemini_synthetic,0.9
"Nội Thất Dũng Quỳnh | Giường ngủ gỗ công nghiệp 1m8, Tủ quần áo 4 cánh lùa",Nhà cửa,gemini_synthetic,0.9
"Phương Hoa Furniture | Sofa góc chữ L vải bố, Bàn trà kính cường lực",Nhà cửa,gemini_synthetic,0.9
"AConcept | Bàn làm việc EVE, Ghế xoay văn phòng FINN",Nhà cửa,gemini_synthetic,0.9
"Home Clean Pro | Dọn dẹp nhà cửa định kỳ, Giặt rèm cửa sổ 3 lớp",Nhà cửa,gemini_synthetic,0.9
"Vườn Cây Xanh | Cây trầu bà đế vương, Chậu cây gốm sứ Bát Tràng, Giá đỡ cây",Nhà cửa,gemini_synthetic,0.9
"Showroom Gạch Men Ý | Gạch lát nền 60x60 vân đá, Gạch ốp bếp 30x60",Nhà cửa,gemini_synthetic,0.9
"Điện Nước Việt | Vòi sen tăng áp, Van khoá nước PPR, Dây cấp nước máy giặt",Nhà cửa,gemini_synthetic,0.9
"Bếp Xinh | Bộ dao Zwilling 5 món, Thớt gỗ teak, Kéo cắt gà",Nhà cửa,gemini_synthetic,0.9
"Lock&Lock | Hộp đựng thực phẩm thuỷ tinh, Bộ hộp cơm văn phòng",Nhà cửa,gemini_synthetic,0.9
"JYSK | Tủ giày 2 cánh, Thảm trải sàn lông ngắn, Khăn lau bếp cotton",Nhà cửa,gemini_synthetic,0.9
"Sơn Jotun | Sơn chống thấm ngoại thất, Cọ sơn tường 15cm",Nhà cửa,gemini_synthetic,0.9
"Nội Thất Kim Anh | Bàn trang điểm kèm gương LED, Ghế đôn bọc nỉ",Nhà cửa,gemini_synthetic,0.9
"Pico | Tivi Sony 55 inch 4K, Loa soundbar Samsung",Nhà cửa,gemini_synthetic,0.9
"Siêu thị vật liệu xây dựng | Cát xây tô, Đá 1x2, Xi măng Hà Tiên",Nhà cửa,gemini_synthetic,0.9
"Dịch vụ sửa chữa điện nước | Thay thế ống nước bị rò rỉ, Lắp đặt bình nóng lạnh",Nhà cửa,gemini_synthetic,0.9
"Index Living Mall | Kệ tivi treo tường, Đèn cây đứng phòng khách",Nhà cửa,gemini_synthetic,0.9
"Kims FullHouse | Giường tầng trẻ em, Tủ sách mini",Nhà cửa,gemini_synthetic,0.9
"Cozy Sofa | Sofa da bò thật 3 chỗ, Gối tựa lưng trang trí",Nhà cửa,gemini_synthetic,0.9
"Uma | Khung ảnh treo tường, Bình hoa thuỷ tinh, Nến thơm lavender",Nhà cửa,gemini_synthetic,0.9
"Thế giới bếp | Máy lọc nước Karofi, Nồi chiên không dầu Philips",Nhà cửa,gemini_synthetic,0.9
"Chợ Lớn | Bát đĩa sứ Minh Long, Bộ ấm trà Bát Tràng",Nhà cửa,gemini_synthetic,0.9
"Minh Nguyệt Landscape | Dịch vụ cắt tỉa cây xanh sân vườn, Chăm sóc cây cảnh",Nhà cửa,gemini_synthetic,0.9
"Sơn Nippon | Sơn lót kháng kiềm, Màu sơn pha sẵn màu ghi",Nhà cửa,gemini_synthetic,0.9
"Điện Máy Trần Anh | Máy rửa bát Bosch serie 6, Bếp từ đôi Hafele",Nhà cửa,gemini_synthetic,0.9
"Nội thất gỗ tự nhiên | Tủ rượu gỗ óc chó, Kệ trang trí phòng khách",Nhà cửa,gemini_synthetic,0.9
"Home Decor Việt | Rèm cửa roman hai lớp, Giấy dán tường Hàn Quốc",Nhà cửa,gemini_synthetic,0.9
"Điện Máy Xanh | Tủ lạnh Samsung Inverter 300L, Máy giặt Electrolux 9kg",Nhà cửa,gemini_synthetic,0.9
"Nội Thất Hoà Phát | Bàn giám đốc ET1400K, Ghế xoay lưới GL309",Nhà cửa,gemini_synthetic,0.9
"Sơn Dulux | Sơn nội thất Ambiance 18L, Bột trét tường cao cấp",Nhà cửa,gemini_synthetic,0.9
"Lock&Lock | Bộ hộp đựng thực phẩm 5 món, Bình giữ nhiệt LHC6800",Nhà cửa,gemini_synthetic,0.9
"Dịch vụ vệ sinh Sài Gòn Xanh | Vệ sinh điều hòa 2 cục, Lau kính căn hộ",Nhà cửa,gemini_synthetic,0.9
"IKEA Việt Nam | Kệ sách BILLY trắng, Đèn sàn LERSTA",Nhà cửa,gemini_synthetic,0.9
"An Cường | Gỗ công nghiệp MDF An Cường, Ván sàn gỗ chịu nước",Nhà cửa,gemini_synthetic,0.9
"Nguyễn Kim | Lò vi sóng Sharp R-20A1(S)VN, Máy hút bụi cầm tay Dyson V11",Nhà cửa,gemini_synthetic,0.9
"MediaMart | Điều hòa Casper 1.5HP, Quạt hơi nước Sunhouse SHD7721",Nhà cửa,gemini_synthetic,0.9
"Cây Cảnh Miền Nhiệt Đới | Cây kim tiền lớn, Chậu gốm trang trí",Nhà cửa,gemini_synthetic,0.9
"Nội Thất Phố Xinh | Sofa da bò 3 chỗ, Bàn trà mặt đá",Nhà cửa,gemini_synthetic,0.9
"Bếp Ga Á Châu | Bếp từ đôi Bosch PID675DC1E, Máy hút mùi Hafele",Nhà cửa,gemini_synthetic,0.9
"Sàn Gỗ Tự Nhiên | Sàn gỗ Teak tự nhiên, Phụ kiện len chân tường",Nhà cửa,gemini_synthetic,0.9
"Kangaroo | Máy lọc nước nóng lạnh KG10A3, Cây nước Kangaroo",Nhà cửa,gemini_synthetic,0.9
Uma,Nhà cửa,gemini_synthetic,0.9
"Gốm Sứ Minh Long | Bộ chén bát sứ cao cấp, Ấm trà Minh Long",Nhà cửa,gemini_synthetic,0.9
"Kho Gạch Men Thanh Xuân | Gạch lát nền 60x60, Gạch ốp tường nhà tắm",Nhà cửa,gemini_synthetic,0.9
"Sunhouse | Nồi cơm điện Sunhouse 1.8L, Bộ nồi inox 3 đáy",Nhà cửa,gemini_synthetic,0.9
"Dịch vụ sửa chữa điện nước Minh Tâm | Sửa đường ống nước rò rỉ, Thay vòi sen",Nhà cửa,gemini_synthetic,0.9
"Nội Thất Dũng Quỳnh | Giường ngủ gỗ sồi 1m8, Tủ đầu giường",Nhà cửa,gemini_synthetic,0.9
"Panasonic Center | Tivi Panasonic 55inch, Tủ lạnh Panasonic NR-BL300PKVN",Nhà cửa,gemini_synthetic,0.9
"Tiểu thủ công nghiệp Việt Nam | Khay mây tre đan, Đèn lồng trang trí",Nhà cửa,gemini_synthetic,0.9
"Jotun | Sơn ngoại thất Jotun Majestic, Sơn lót chống kiềm",Nhà cửa,gemini_synthetic,0.9
"Phương Hoa Furniture | Bàn ăn 6 ghế gỗ xoan đào, Tủ rượu",Nhà cửa,gemini_synthetic,0.9
Điện nước Bách Khoa,Nhà cửa,gemini_synthetic,0.9
"Thien Hoa | Máy giặt lồng ngang LG 10kg, Tủ lạnh Panasonic 4 cánh",Nhà cửa,gemini_synthetic,0.9
"Hòa Phát Đạt | Ghế văn phòng tựa lưng cao, Kệ tủ hồ sơ",Nhà cửa,gemini_synthetic,0.9
"Máy xay sinh tố Philips HR2118, Ấm siêu tốc Lock&Lock",Nhà cửa,gemini_synthetic,0.9
"Giường ngủ gỗ pallet, Đèn ngủ để bàn, Thảm lông trải sàn",Nhà cửa,gemini_synthetic,0.9
"Thay lõi lọc nước Karofi, Sửa máy bơm",Nhà cửa,gemini_synthetic,0.9
"Gạch ốp tường bếp 30x60, Keo dán gạch Weber",Nhà cửa,gemini_synthetic,0.9
"Dọn dẹp nhà cửa định kỳ, Vệ sinh sofa vải",Nhà cửa,gemini_synthetic,0.9
"Chậu cây cảnh để bàn, Đất sạch hữu cơ, Phân bón",Nhà cửa,gemini_synthetic,0.9
"Bếp từ đơn Kangaroo, Bộ dao làm bếp 5 món",Nhà cửa,gemini_synthetic,0.9
"Khóa cửa vân tay thông minh, Chuông cửa có hình",Nhà cửa,gemini_synthetic,0.9
"Tủ quần áo nhựa Duy Tân, Bàn học sinh gấp gọn",Nhà cửa,gemini_synthetic,0.9
"Rèm cửa cuốn chống nắng, Thanh treo rèm",Nhà cửa,gemini_synthetic,0.9
"Bồn cầu TOTO, Lavabo Inax, Vòi chậu nóng lạnh",Nhà cửa,gemini_synthetic,0.9
"Sơn chống thấm Kova, Lưới chống nứt tường",Nhà cửa,gemini_synthetic,0.9
"Dịch vụ giặt rèm cửa, Hút bụi nệm giường",Nhà cửa,gemini_synthetic,0.9
"IKEA Việt Nam | Kệ sách BILLY trắng, Bàn làm việc LINNMON/ADILS",Nhà cửa,gemini_synthetic,0.9
"Điện Máy Xanh | Tủ lạnh LG Inverter 315L GR-B365BL, Máy giặt Samsung AddWash 9kg",Nhà cửa,gemini_synthetic,0.9
"Nội Thất Hoà Phát | Bàn giám đốc DT1890H37, Ghế xoay văn phòng HPL1020",Nhà cửa,gemini_synthetic,0.9
"Sơn Dulux | Sơn nội thất Dulux 5in1 15L, Sơn chống thấm ngoại thất",Nhà cửa,gemini_synthetic,0.9
"Nguyễn Kim | Điều hoà Panasonic 1.5 HP CS-PU12XKH-8, Quạt đứng Toshiba",Nhà cửa,gemini_synthetic,0.9
"Phương Hoa Furniture | Bộ bàn ăn gỗ sồi 6 ghế, Tủ rượu phòng khách",Nhà cửa,gemini_synthetic,0.9
"MediaMart | Lò vi sóng Sharp R-20A1(S)VN 20L, Máy hút bụi cầm tay Philips",Nhà cửa,gemini_synthetic,0.9
"Điện Nước Thanh Bình | Sửa ống nước lavabo, Thay vòi rửa bát",Nhà cửa,gemini_synthetic,0.9
"Nội Thất Dũng Quỳnh | Giường ngủ gỗ công nghiệp 1m6, Tủ quần áo 3 cánh",Nhà cửa,gemini_synthetic,0.9
"Chợ Đồ Gia Dụng | Bộ nồi inox 3 đáy, Chảo chống dính size 28",Nhà cửa,gemini_synthetic,0.9
"Dịch vụ vệ sinh Sạch & Xanh | Dọn dẹp nhà cửa tổng quát, Vệ sinh sofa vải",Nhà cửa,gemini_synthetic,0.9
"Cửa hàng cây cảnh Minh Anh | Cây bàng Singapore, Chậu cây gốm",Nhà cửa,gemini_synthetic,0.9
"Điện Máy Chợ Lớn | Bếp từ đôi Kangaroo KG499I, Máy rửa chén Bosch SMS25AI05E",Nhà cửa,gemini_synthetic,0.9
"An Phát Lighting | Đèn chùm pha lê phòng khách, Đèn ngủ để bàn",Nhà cửa,gemini_synthetic,0.9
"Sơn Jotun | Sơn lót Jotun Jotashield Primer, Sơn phủ ngoại thất Jotashield Flex",Nhà cửa,gemini_synthetic,0.9
"Nội Thất Gỗ Việt | Bàn trang điểm gỗ tự nhiên, Kệ tivi treo tường",Nhà cửa,gemini_synthetic,0.9
"Điện Nước Việt Long | Lắp đặt bồn cầu Inax, Thay vòi sen tắm",Nhà cửa,gemini_synthetic,0.9
"Coopmart | Bộ dao làm bếp Lock&Lock, Thảm lau chân siêu thấm",Nhà cửa,gemini_synthetic,0.9
"Pico | Máy giặt sấy Electrolux EWW1142AEWA 11kg, Tủ đông Sanaky 200L",Nhà cửa,gemini_synthetic,0.9
"Vật Tư Xây Dựng Phát Đạt | Gạch men 60x60 prime, Xi măng Hà Tiên loại 1",Nhà cửa,gemini_synthetic,0.9
"Cửa hàng đồ bếp Gia Đình | Nồi cơm điện Cuckoo 1.8L, Máy xay sinh tố Philips",Nhà cửa,gemini_synthetic,0.9
"Dịch vụ diệt côn trùng Minh Khang | Phun thuốc diệt mối, Diệt gián tận gốc",Nhà cửa,gemini_synthetic,0.9
"Nội thất Kim Cương | Ghế sofa góc L, Bàn trà mặt đá",Nhà cửa,gemini_synthetic,0.9
"Điện Lạnh Hưng Thịnh | Bảo dưỡng điều hoà 2 cục, Nạp gas máy lạnh",Nhà cửa,gemini_synthetic,0.9
"Siêu thị Lotte Mart | Bộ ly thủy tinh Luminarc, Hộp đựng thực phẩm LocknLock",Nhà cửa,gemini_synthetic,0.9
"Trang Trí Nhà Xinh | Tranh treo tường decor, Đồng hồ treo tường",Nhà cửa,gemini_synthetic,0.9
"Sửa Chữa Điện Nước 24/7 | Sửa aptomat bị nhảy, Thay bóng đèn trần",Nhà cửa,gemini_synthetic,0.9
"Cây Cảnh Miền Nhiệt Đới | Cây lưỡi hổ, Đất trồng cây kiểng",Nhà cửa,gemini_synthetic,0.9
"Giường ngủ gỗ MDF 1m8x2m, Nệm cao su thiên nhiên Kingkoil",Nhà cửa,gemini_synthetic,0.9
"Máy hút bụi không dây Dyson V12 Detect Slim, Bộ lau nhà thông minh",Nhà cửa,gemini_synthetic,0.9
"Sơn chống thấm Kova CT-11A, Bột trét tường nội thất",Nhà cửa,gemini_synthetic,0.9
"Bộ chén đĩa sứ Bát Tràng 10 người, Khay đựng trái cây",Nhà cửa,gemini_synthetic,0.9
"Vệ sinh tổng thể căn hộ 2 phòng ngủ, Giặt rèm cửa sổ",Nhà cửa,gemini_synthetic,0.9
"Cây kim ngân để bàn, Chậu cây men sứ trắng",Nhà cửa,gemini_synthetic,0.9
"Lắp đặt bếp từ âm, Sửa chữa đường dây điện bếp",Nhà cửa,gemini_synthetic,0.9
"Tủ giày dép 5 tầng, Kệ treo tường trang trí",Nhà cửa,gemini_synthetic,0.9
Nội Thất Hòa Phát,Nhà cửa,gemini_synthetic,0.9
Dịch vụ vệ sinh Sạch & Đẹp,Nhà cửa,gemini_synthetic,0.9
Cửa hàng Cây Cảnh Hùng Cường,Nhà cửa,gemini_synthetic,0.9
Dịch vụ vệ sinh Sạch Đẹp,Nhà cửa,gemini_synthetic,0.9
"Giường ngủ 1m6 bọc nỉ, Tủ đầu giường gỗ sồi, Đèn ngủ để bàn",Nhà cửa,gemini_synthetic,0.9
"Máy giặt cửa trước Electrolux 8kg, Bếp từ đôi Sunhouse, Nồi cơm điện Sharp",Nhà cửa,gemini_synthetic,0.9
"Sơn nước nội thất Maxilite 18L, Chổi quét sơn, Khay sơn",Nhà cửa,gemini_synthetic,0.9
"Bình nóng lạnh Ariston 30L, Vòi sen tăng áp, Bộ phụ kiện phòng tắm",Nhà cửa,gemini_synthetic,0.9
"Cây kim tiền để bàn, Chậu sứ trắng, Đất trồng cây",Nhà cửa,gemini_synthetic,0.9
"Dọn dẹp nhà cửa tổng quát, Lau kính, Hút bụi thảm",Nhà cửa,gemini_synthetic,0.9
"Bộ nồi inox 5 món, Chảo chống dính sâu lòng, Muỗng xẻng nấu ăn",Nhà cửa,gemini_synthetic,0.9
"Ghế sofa góc L vải bố, Bàn trà mặt kính, Thảm lông trải sàn",Nhà cửa,gemini_synthetic,0.9
"IKEA Việt Nam | Kệ sách BILLY, Bàn làm việc LINNMON, Ghế văn phòng MARKUS",Nhà cửa,gemini_synthetic,0.9
"Nguyễn Kim | Tủ lạnh Panasonic NR-BL341PKVN, Máy lọc không khí Sharp, Quạt đứng Toshiba",Nhà cửa,gemini_synthetic,0.9
"MediaMart | Điều hòa LG Inverter 1.5HP, Tivi Samsung Crystal UHD 55 inch, Máy hút bụi cầm tay Philips",Nhà cửa,gemini_synthetic,0.9
"Nội Thất Dũng Quỳnh | Giường ngủ gỗ óc chó 1m8, Tủ quần áo cánh lùa 3 buồng, Bàn trang điểm kèm gương",Nhà cửa,gemini_synthetic,0.9
"Phương Hoa Furniture | Bàn ăn tròn 4 ghế, Ghế tựa lưng cao bọc da, Tủ rượu mini",Nhà cửa,gemini_synthetic,0.9
"Lock&Lock | Bộ hộp bảo quản thực phẩm, Bình giữ nhiệt 1L, Nồi chiên không dầu 5.2L",Nhà cửa,gemini_synthetic,0.9
"Gạch Đồng Tâm | Gạch lát nền 80x80, Gạch ốp tường 30x60, Keo chà ron chống thấm",Nhà cửa,gemini_synthetic,0.9
"Sửa chữa điện nước 24/7 | Sửa đường ống nước bếp, Thay vòi lavabo, Lắp đặt bồn cầu",Nhà cửa,gemini_synthetic,0.9
"Cây cảnh Minh Nguyệt | Cây bàng singapore, Chậu cây đứng, Đất dinh dưỡng",Nhà cửa,gemini_synthetic,0.9
"UMA | Đèn cây trang trí, Kệ treo tường, Khung ảnh lớn",Nhà cửa,gemini_synthetic,0.9
"JYSK | Nệm foam gấp 3, Gối lông vũ, Chăn mỏng mùa hè",Nhà cửa,gemini_synthetic,0.9
"Điện Máy Chợ Lớn | Máy rửa chén Bosch, Lò nướng âm tủ Hafele, Máy xay thịt đa năng",Nhà cửa,gemini_synthetic,0.9
"Sơn Jotun | Sơn ngoại thất Jotashield, Bả matit tường, Sơn lót kháng kiềm",Nhà cửa,gemini_synthetic,0.9
"Vua Nệm | Nệm lò xo KingKoil 1m6x2m, Tấm bảo vệ nệm, Gối cao su thiên nhiên",Nhà cửa,gemini_synthetic,0.9
"The One | Bàn giám đốc ET1600F, Ghế xoay lưới, Tủ tài liệu 2 cánh",Nhà cửa,gemini_synthetic,0.9
"Điện Nước Việt | Thay thế công tắc điện, Sửa chập điện, Lắp đặt ổ cắm mới",Nhà cửa,gemini_synthetic,0.9
"Kho đồ gia dụng | Ấm siêu tốc Elmich, Máy ép trái cây tốc độ chậm, Máy đánh trứng cầm tay",Nhà cửa,gemini_synthetic,0.9
"Cửa hàng đồ decor Xinh Xinh | Đồng hồ treo tường nghệ thuật, Tranh canvas trừu tượng, Bình hoa gốm sứ",Nhà cửa,gemini_synthetic,0.9
"Siêu thị điện máy HC | Máy giặt sấy Samsung AddWash, Máy lạnh Inverter Casper, Bình đun siêu tốc Panasonic",Nhà cửa,gemini_synthetic,0.9
"Đại lý vật tư Tùng Lâm | Dây điện Cadivi 2.5mm, Ống nhựa PVC D60, Keo dán ống nước",Nhà cửa,gemini_synthetic,0.9
"Co.opmart | Khăn lau bếp bộ 5 cái, Nước rửa chén Sunlight, Nước lau sàn Gift",Nhà cửa,gemini_synthetic,0.9
"Nội thất Xuân Hoà | Ghế gấp văn phòng, Bàn học sinh, Tủ hồ sơ",Nhà cửa,gemini_synthetic,0.9
"Điện Lạnh Anh Khoa | Vệ sinh bảo dưỡng máy lạnh định kỳ, Nạp gas điều hòa, Sửa chữa tủ lạnh không đông đá",Nhà cửa,gemini_synthetic,0.9
"Bếp Xinh | Bộ dao làm bếp 7 món, Thớt gỗ kháng khuẩn, Kệ đựng gia vị",Nhà cửa,gemini_synthetic,0.9
"Decor Nhà Đẹp | Gương soi toàn thân, Thảm chùi chân, Rèm cửa roman",Nhà cửa,gemini_synthetic,0.9
"Trần Anh | Tủ đông Sanaky 200L, Cây nước nóng lạnh Kangaroo, Bàn ủi hơi nước Philips",Nhà cửa,gemini_synthetic,0.9
"WinMart | Bộ lau nhà xoay 360 độ, Chổi và ki hốt rác, Túi rác sinh học",Nhà cửa,gemini_synthetic,0.9
Hải Đăng Vật Liệu Xây,Nhà cửa,gemini_synthetic,0.9
"Nội Thất Hoà Phát | Bàn làm việc AT120S, Ghế xoay lưới GL101, Kệ sách 5 tầng",Nhà cửa,gemini_synthetic,0.9
"Điện Máy Xanh | Tủ lạnh Inverter Panasonic 322L, Máy giặt LG 9kg lồng ngang",Nhà cửa,gemini_synthetic,0.9
"IKEA Việt Nam | Giường MALM 1m6, Đèn sàn LERSTA, Kệ TROFAST trắng",Nhà cửa,gemini_synthetic,0.9
"Nguyễn Kim | Điều hoà Daikin FTKC25UVMV 1HP, Lò vi sóng Sharp R-G222VN-S",Nhà cửa,gemini_synthetic,0.9
"Sơn Dulux | Sơn nội thất Dulux 5in1 18L, Sơn chống thấm Dulux Aquatech",Nhà cửa,gemini_synthetic,0.9
"Phố Xinh | Sofa góc da thật, Bàn trà mặt đá cẩm thạch",Nhà cửa,gemini_synthetic,0.9
"MediaMart | Máy hút bụi cầm tay Dyson V12, Nồi chiên không dầu Philips HD9270",Nhà cửa,gemini_synthetic,0.9
"Dịch vụ vệ sinh An Phát | Dọn dẹp nhà cửa định kỳ, Vệ sinh máy lạnh 2 bộ",Nhà cửa,gemini_synthetic,0.9
"Lock&Lock | Bộ 3 nồi inox, Chảo chống dính 28cm, Hộp đựng thực phẩm thuỷ tinh",Nhà cửa,gemini_synthetic,0.9
"Vườn ươm cây cảnh Minh Tâm | Cây kim tiền lớn, Chậu sứ trắng, Đất trồng cây",Nhà cửa,gemini_synthetic,0.9
"Bàn ăn gổ sồi 6 ghế, Ghế bọc da, Tủ rượu mini",Nhà cửa,gemini_synthetic,0.9
"Máy giặt Samsung Inverter 8.5kg, Tủ lạnh Toshiba 350L",Nhà cửa,gemini_synthetic,0.9
"Sửa đường ống nước bị rò rỉ, Thay vòi sen tắm",Nhà cửa,gemini_synthetic,0.9
"Sơn nước màu xanh ngọc, chổi sơn, Băng keo dán",Nhà cửa,gemini_synthetic,0.9
"Bộ drap giường cotton, Gối lông vũ, Chăn mỏng mùa hè",Nhà cửa,gemini_synthetic,0.9
"Cây lưỡi hổ, Chậu cây nhựa, Giá đỡ cây",Nhà cửa,gemini_synthetic,0.9
"Nồi cơm điện cao tần Zojirushi, Máy ép chậm Kuvings",Nhà cửa,gemini_synthetic,0.9
"Rèm cửa chống nắng, Thanh treo rèm, Kẹp rèm",Nhà cửa,gemini_synthetic,0.9
Nội Thất Dũng Quỳnh,Nhà cửa,gemini_synthetic,0.9
Điện Máy Chợ Lớn,Nhà cửa,gemini_synthetic,0.9
Sửa chữa điện nước 24/7,Nhà cửa,gemini_synthetic,0.9
Cây cảnh Minh Khang,Nhà cửa,gemini_synthetic,0.9
"Nội Thất Phương Hoa | Giường gỗ công nghiệp 1m8, Tủ quần áo 3 cánh, Bàn trang điểm",Nhà cửa,gemini_synthetic,0.9
"Điện Máy Xanh | Máy rửa chén Bosch SMS46NI05E, Bếp từ đôi Sunhouse",Nhà cửa,gemini_synthetic,0.9
"Sơn Jotun | Sơn ngoại thất Jotashield 15L, Sơn lót Jotun Ultra Primer",Nhà cửa,gemini_synthetic,0.9
"Sika VN | Keo dán gạch SikaTile, Vữa sửa chữa bê tông",Nhà cửa,gemini_synthetic,0.9
"Nguyễn Kim | Tivi Sony Android 55 inch, Loa soundbar JBL",Nhà cửa,gemini_synthetic,0.9
"Tiểu thủ công nghiệp Việt Nam | Đèn lồng tre trang trí, Tranh sơn mài treo tường",Nhà cửa,gemini_synthetic,0.9
"Dịch vụ vệ sinh Sạch Bong | Khử trùng toàn nhà, Giặt thảm phòng khách",Nhà cửa,gemini_synthetic,0.9
"VinaKitchen | Bộ dao làm bếp 6 món, Thớt gỗ kháng khuẩn",Nhà cửa,gemini_synthetic,0.9
"STVLXD | Gạch men 60x60, XM Hà Tiên, Cát xây dựng",Nhà cửa,gemini_synthetic,0.9
"Đại lý Sơn Trường Phát | Sơn dầu Nippon, Sơn chống rỉ sét",Nhà cửa,gemini_synthetic,0.9
"Chợ đồ củ Minh An | Kệ sách gỗ thông, Bàn học sinh cũ",Nhà cửa,gemini_synthetic,0.9
"Cây cảnh Ánh Dương | Cây phát tài búp sen, Chậu gốm Bát Tràng",Nhà cửa,gemini_synthetic,0.9
"UMA | Bàn cà phê tròn, Ghế đọc sách bọc vải",Nhà cửa,gemini_synthetic,0.9
"GO! Supermarket | Bộ chén đĩa sứ Minh Long, Ly thủy tinh Luminarc",Nhà cửa,gemini_synthetic,0.9
"Thợ điện nước Phát Đạt | Lắp đặt bồn nước nóng lạnh, Sửa aptomat tổng",Nhà cửa,gemini_synthetic,0.9
"Minh Long Ceramics | Bộ ấm trà Bát Tràng, Bình hoa trang trí",Nhà cửa,gemini_synthetic,0.9
"King Mattress | Nệm lò xo túi độc lập 1m6, Tấm bảo vệ nệm",Nhà cửa,gemini_synthetic,0.9
"Home Mart | Máy lọc nước Kangaroo, Quạt điều hòa",Nhà cửa,gemini_synthetic,0.9
"Nội Thất Hoà Phát | Bàn làm việc chữ L, Ghế xoay văn phòng, Tủ hồ sơ 3 ngăn",Nhà cửa,gemini_synthetic,0.9
"Điện Máy Xanh | Tủ lạnh Samsung Inverter 488L, Máy giặt LG AI DD 9kg",Nhà cửa,gemini_synthetic,0.9
"Sơn Dulux Việt Nam | Sơn nội thất Ambiance 18L, Sơn chống thấm Weathershield 5L",Nhà cửa,gemini_synthetic,0.9
"Nguyễn Kim | Điều hòa Daikin Inverter 1.5HP, Nồi cơm điện tử Toshiba 1.8L",Nhà cửa,gemini_synthetic,0.9
"MediaMart | Máy hút bụi cầm tay Dyson V12, Lò vi sóng Sharp 20L",Nhà cửa,gemini_synthetic,0.9
"IKEA Việt Nam | Kệ sách KALLAX 4 tầng, Ghế bành POÄNG màu be",Nhà cửa,gemini_synthetic,0.9
"COZY Sofa | Bộ sofa góc L da bò, Bàn trà mặt kính",Nhà cửa,gemini_synthetic,0.9
"Uma | Đèn bàn ELLO, Khung ảnh gỗ KADRO, Thảm trải sàn KILIM",Nhà cửa,gemini_synthetic,0.9
"Nội thất Phố Xinh | Giường ngủ gỗ sồi 1m8, Tủ đầu giường 2 ngăn",Nhà cửa,gemini_synthetic,0.9
"Điện nước Minh Khang | Vòi sen nóng lạnh TOTO, Bồn rửa chén inox 2 ngăn",Nhà cửa,gemini_synthetic,0.9
"Dịch vụ vệ sinh An Bình | Vệ sinh tổng quát căn hộ 3PN, Giặt rèm cửa",Nhà cửa,gemini_synthetic,0.9
"Cây cảnh Minh Tú | Cây kim tiền lớn, Chậu sứ Bát Tràng, Đất trồng cây",Nhà cửa,gemini_synthetic,0.9
"BEYOURS | Tủ quần áo 4 cánh hiện đại, Bàn trang điểm kèm gương",Nhà cửa,gemini_synthetic,0.9
"JYSK | Gối ôm sợi tre, Chăn lông cừu, Ga trải giường cotton",Nhà cửa,gemini_synthetic,0.9
"Siêu thị điện máy Chợ Lớn | Máy rửa bát Bosch Series 4, Bếp từ đôi Kangaroo",Nhà cửa,gemini_synthetic,0.9
"Gốm sứ Bát Tràng | Bộ bát đĩa men rạn 12 món, Lọ hoa gốm sứ",Nhà cửa,gemini_synthetic,0.9
"FPT Shop | Robot hút bụi lau nhà Ecovacs Deebot T10, Máy lọc không khí Xiaomi",Nhà cửa,gemini_synthetic,0.9
"Nội Thất Dũng Quỳnh | Bàn ăn 6 ghế gỗ óc chó, Kệ tivi treo tường",Nhà cửa,gemini_synthetic,0.9
"Sơn Jotun | Sơn ngoại thất Jotashield Durable Extreme 15L, Sơn lót",Nhà cửa,gemini_synthetic,0.9
"Phương Hoa Furniture | Ghế thư giãn đọc sách, Tủ giày thông minh",Nhà cửa,gemini_synthetic,0.9
"Tiểu thủ công nghiệp Việt Nam | Mành tre trúc trang trí, Đèn lồng Hội An",Nhà cửa,gemini_synthetic,0.9
"Cửa hàng vật liệu xây dựng Hùng Phát | Gạch ốp tường 30x60, Xi măng PC40 Hà Tiên",Nhà cửa,gemini_synthetic,0.9
"Nhà sạch 247 | Khử trùng diệt khuẩn nhà, Vệ sinh sofa vải",Nhà cửa,gemini_synthetic,0.9
"Bàn ăn tròn 4 ghế, Tủ bếp trên dưới gỗ công nghiệp, Lò nướng âm tủ",Nhà cửa,gemini_synthetic,0.9
Dịch vụ chuyển nhà và lắp đặt nội thất,Nhà cửa,gemini_synthetic,0.9
"Tủ lạnh Hitachi Inverter 569L, Máy giặt Electrolux 11kg, Điều hòa Panasonic 2HP",Nhà cửa,gemini_synthetic,0.9
"Lắp đặt camera an ninh gia đình, Sửa chữa đường ống nước",Nhà cửa,gemini_synthetic,0.9
Nội thất Duy Anh,Nhà cửa,gemini_synthetic,0.9
"Ghế sofa đơn bọc nhung, Bàn trà gỗ sồi, Kệ trang trí tường",Nhà cửa,gemini_synthetic,0.9
Vệ sinh công nghiệp Hoàn Mỹ,Nhà cửa,gemini_synthetic,0.9
"Bồn cầu Inax 1 khối, Lavabo sứ, Gương phòng tắm có đèn LED",Nhà cửa,gemini_synthetic,0.9
"Cây cảnh văn phòng, Chậu composite, Bình tưới cây mini",Nhà cửa,gemini_synthetic,0.9
"IKEA Việt Nam | Bàn ăn gỗ sồi EKEDALEN, Ghế ADDE, Đèn trần HEKTAR",Nhà cửa,gemini_synthetic,0.9
"Điện Máy Xanh | Tủ lạnh Samsung RT43K6631BS 426L, Máy giặt LG Inverter 9kg",Nhà cửa,gemini_synthetic,0.9
"Dịch vụ vệ sinh Sạch & Xanh | Dọn nhà tổng quát, Vệ sinh máy lạnh 2 bộ",Nhà cửa,gemini_synthetic,0.9
"Sơn Dulux | Sơn nội thất Dulux EasyClean 18L, Chổi sơn, Băng dính",Nhà cửa,gemini_synthetic,0.9
"Nguyễn Kim | Điều hoà Daikin Inverter 1.5HP, Quạt hơi nước Kangaroo",Nhà cửa,gemini_synthetic,0.9
"Bộ nồi inox 5 món, Chảo chống dính Tefal, Thớt gỗ, Dao thái thịt",Nhà cửa,gemini_synthetic,0.9
"MediaMart | Lò vi sóng Panasonic 25L, Nồi cơm điện Cuckoo 1.8L",Nhà cửa,gemini_synthetic,0.9
"Nội Thất Dũng Quỳnh | Giường ngủ 1m8 bọc nệm, Tủ đầu giường",Nhà cửa,gemini_synthetic,0.9
Sửa chữa nhà cửa Minh Phát |,Nhà cửa,gemini_synthetic,0.9
"Phương Hoa Furniture | Sofa góc L bọc vải, Bàn trà mặt kính",Nhà cửa,gemini_synthetic,0.9
"Cây cảnh Bách Thảo | Cây kim tiền, Chậu sứ, Đất dinh dưỡng",Nhà cửa,gemini_synthetic,0.9
"Điện máy Chợ Lớn | Tivi Sony 55 inch Smart TV, Giá treo tivi",Nhà cửa,gemini_synthetic,0.9
"Gạch ốp lát 60x60, Keo dán gạch, Xi măng trắng",Nhà cửa,gemini_synthetic,0.9
"Thợ điện nước Anh Tuấn | Sửa vòi nước rò rỉ, Thay bóng đèn LED",Nhà cửa,gemini_synthetic,0.9
NGÂN HÀNG TMCP ĐẦU TƯ VÀ PHÁT TRIỂN VIỆT NAM | CASH WITHDRAWAL,Khác,manual,1.0
"CHI NHÁNH THÀNH PHỐ HỒ CHÍ MINH - CÔNG TY CỔ PHẦN DI CHUYỂN XANH VÀ THÔNG MINH GSM | Cước phí vận chuyển mã 01K646BTSVMCNQE0PH5QX58BT9, Chiết khấu thương mại/ giảm giá mã 01K646BTSVMCNQE0PH5QX58BT9",Khác,manual,1.0
Cục Thuế TP Hồ Chí Minh,Khác,gemini_synthetic,0.9
Ngân hàng Techcombank,Khác,gemini_synthetic,0.9
Bảo hiểm Manulife Việt Nam,Khác,gemini_synthetic,0.9
Văn phòng Công chứng Quận 1,Khác,gemini_synthetic,0.9
Phí duy trì TK tháng 10/2023,Khác,gemini_synthetic,0.9
Ủng hộ Quỹ Trẻ Em VN,Khác,gemini_synthetic,0.9
Lệ phí cấp đổi GPLX,Khác,gemini_synthetic,0.9
Phí tư vấn HĐ lao động,Khác,gemini_synthetic,0.9
Thuế TNCN Q3/2024,Khác,gemini_synthetic,0.9
Đóng phí BH định kỳ HĐ 12345,Khác,gemini_synthetic,0.9
Phạt hành chính lỗi vượt đèn đỏ,Khác,gemini_synthetic,0.9
Phí dịch vụ chuyển tiền quốc tế,Khác,gemini_synthetic,0.9
"Chi cục Thuế Quận 10 | Thuế TNCN T4/2024, Lệ phí môn bài",Khác,gemini_synthetic,0.9
"Kho bạc Nhà Nước | Thuế VAT quý 2, Tiền sử dụng đất",Khác,gemini_synthetic,0.9
Cục Thuế Bình Thạnh | Thuế trước bạ xe máy,Khác,gemini_synthetic,0.9
"Chi cục Hải quan Cửa khẩu Sài Gòn | Thuế nhập khẩu lô hàng 123, Phí HQ",Khác,gemini_synthetic,0.9
Công ty CP Xây dựng ABC | Thanh toán thuế thu nhập doanh nghiệp,Khác,gemini_synthetic,0.9
"UBND Phường 5, Q.Gò Vấp | Phí xác nhận cư trú, Lệ phí đăng ký kết hôn",Khác,gemini_synthetic,0.9
Sở Kế hoạch & Đầu tư TP.HCM | Lệ phí đăng ký kinh doanh mới,Khác,gemini_synthetic,0.9
Công an Quận 1 | Phí làm CCCD gắn chip,Khác,gemini_synthetic,0.9
Bưu điện Việt Nam | Phí làm hộ chiếu nhanh,Khác,gemini_synthetic,0.9
Trung tâm Phục vụ Hành chính Công | Phí cấp phép xây dựng,Khác,gemini_synthetic,0.9
Sở Tài nguyên Môi trường | Lệ phí cấp GCN QSDĐ,Khác,gemini_synthetic,0.9
"Techcombank | Phí quản lý TK, Phí thường niên thẻ VISA",Khác,gemini_synthetic,0.9
"VPBank | Phí rút tiền ATM khác NH, Phí SMS banking",Khác,gemini_synthetic,0.9
Agribank | Phí chuyển khoản liên ngân hàng,Khác,gemini_synthetic,0.9
Ngân hàng ACB | Phí dịch vụ Internet Banking,Khác,gemini_synthetic,0.9
Maritime Bank | Phí duy trì thẻ tín dụng,Khác,gemini_synthetic,0.9
Quỹ Tấm Lòng Vàng | Quyên góp ủng hộ đồng bào lũ lụt,Khác,gemini_synthetic,0.9
Hội Chữ Thập Đỏ VN | Ủng hộ quỹ vắc xin,Khác,gemini_synthetic,0.9
Tổ chức từ thiện Hoa Mai | Đóng góp xây nhà tình nghĩa,Khác,gemini_synthetic,0.9
Manulife Việt Nam | Phí bảo hiểm An Tâm Hưng Thịnh,Khác,gemini_synthetic,0.9
AIA Việt Nam | Đóng phí bảo hiểm Bảo Vệ Toàn Diện,Khác,gemini_synthetic,0.9
FWD Việt Nam | Phí BHNT gói Tương Lai Vững Chắc,Khác,gemini_synthetic,0.9
Văn phòng Luật sư Nguyễn An | Phí tư vấn ly hôn,Khác,gemini_synthetic,0.9
"VPCC số 3 TP.HCM | Phí công chứng di chúc, Phí kiểm tra sổ đỏ",Khác,gemini_synthetic,0.9
Công ty Luật Quốc Tế | Phí đại diện tranh chấp thương mại,Khác,gemini_synthetic,0.9
Dịch vụ Tổng hợp YZ | Thanh toán dịch vụ theo hợp đồng,Khác,gemini_synthetic,0.9
Công ty X | Chi phí khác,Khác,gemini_synthetic,0.9
Dịch vụ Gia Đình | Thanh toán hóa đơn tháng 8,Khác,gemini_synthetic,0.9
"Sửa chữa điều hòa Panasonic, thay gas",Khác,gemini_synthetic,0.9
"Vệ sinh nhà cửa định kỳ, lau kính",Khác,gemini_synthetic,0.9
Học phí khóa Marketing Online cơ bản,Giáo dục,gemini_synthetic,0.9
Phí bảo trì máy in công nghiệp,Khác,gemini_synthetic,0.9
"Mua 2 vé xem phim Mai, 1 combo bắp nước",Khác,gemini_synthetic,0.9
Phí thuê xe 7 chỗ đi Vũng Tàu 2 ngày,Khác,gemini_synthetic,0.9
Nạp tiền điện thoại Viettel 200k,Hoá đơn tiện ích,gemini_synthetic,0.9
Dịch vụ chuyển phát nhanh tài liệu A4 1kg,Khác,gemini_synthetic,0.9
Giao Hàng Tiết Kiệm,Khác,gemini_synthetic,0.9
CGV Vincom Thảo Điền,Khác,gemini_synthetic,0.9
Điện Lực TP.HCM | Tiền điện tháng 5/2024,Hoá đơn tiện ích,gemini_synthetic,0.9
EVN HCMC | Tiền nước sinh hoạt Q3,Hoá đơn tiện ích,gemini_synthetic,0.9
"Grab Vietnam | Chuyến xe GrabCar Sân bay Tân Sơn Nhất, Phí nền tảng",Khác,gemini_synthetic,0.9
"The Coffee House | 2 Trà sữa trân châu đường đen, 1 Bánh mì xíu mại",Ăn uống,gemini_synthetic,0.9
Thế Giới Di Động | Sửa màn hình iPhone 13 Pro Max,Khác,gemini_synthetic,0.9
FPT Shop | Thay pin laptop Asus ROG Strix G15,Khác,gemini_synthetic,0.9
"Vinmec International Hospital | Khám sức khỏe tổng quát, Siêu âm bụng",Khác,gemini_synthetic,0.9
"California Fitness & Yoga | Gói tập 6 tháng, phí PT cá nhân",Khác,gemini_synthetic,0.9
Apollo English | Học phí khóa luyện thi IELTS cấp tốc,Giáo dục,gemini_synthetic,0.9
VNPT Hồ Chí Minh | Gói Internet cáp quang HomeNet 300Mbps,Hoá đơn tiện ích,gemini_synthetic,0.9
Công ty CP Dịch vụ Môi trường Đô thị TP.HCM | Phí thu gom rác thải công nghiệp,Khác,gemini_synthetic,0.9
"Nhà sách Fahasa Nguyễn Huệ | 3 Cuốn tiểu thuyết, 2 Sổ tay",Khác,gemini_synthetic,0.9
"Mường Thanh Luxury Saigon | 2 đêm phòng Deluxe, dịch vụ bữa sáng",Khác,gemini_synthetic,0.9
Viettel Post | Cước gửi hàng Hà Nội - Đà Nẵng 5kg,Khác,gemini_synthetic,0.9
AhaMove | Phí ship đơn hàng Shopee từ Q1 sang Q7,Đi lại,gemini_synthetic,0.9
Điện Máy Xanh | Lắp đặt máy giặt Electrolux 9kg,Khác,gemini_synthetic,0.9
"Cửa hàng sửa chữa xe máy Phát Đạt | Thay nhớt xe, vá lốp",Đi lại,gemini_synthetic,0.9
Công ty Du lịch Sài Gòn Tourist | Tour Đà Lạt 3N2Đ cho 2 người,Khác,gemini_synthetic,0.9
Trung tâm Tin học ABC | Dịch vụ bảo trì hệ thống máy chủ,Khác,gemini_synthetic,0.9
"Salon Tóc Mạnh | Cắt tóc nam, Gội đầu massage",Khác,gemini_synthetic,0.9
"Co.opmart Nguyễn Kiệm | Mua sắm nhu yếu phẩm gia đình, 2kg gạo ST25, 1 chai dầu ăn Neptune",Khác,gemini_synthetic,0.9
"Cửa hàng vật liệu xây dựng XYZ | 10 bao xi măng, 20m cát xây dựng",Khác,gemini_synthetic,0.9
"Phòng tập Gym Gold | Vé vào cửa 1 tháng, dùng máy tập",Khác,gemini_synthetic,0.9
"Dịch vụ In ấn Minh Tâm | In 500 tờ rơi quảng cáo A5, thiết kế banner",Khác,gemini_synthetic,0.9
Công ty Vệ sinh Công nghiệp Sạch Đẹp | Hợp đồng lau dọn văn phòng định kỳ,Khác,gemini_synthetic,0.9
"Gojek | Đơn hàng GoFood: Bún đậu mắm tôm, Trà tắc",Ăn uống,gemini_synthetic,0.9
Samsung Service Center | Sửa TV Samsung QLED bị sọc màn hình,Khác,gemini_synthetic,0.9
"Ban Quản lý Tòa nhà Bitexco | Phí dịch vụ quản lý tháng 6, phí gửi xe ô tô",Khác,gemini_synthetic,0.9
"Trung tâm Điện lạnh Nguyễn Kim | Sửa máy lạnh Daikin, Bơm ga điều hoà",Khác,gemini_synthetic,0.9
"Tiệm Giặt ủi 5 Sao | Giặt khô áo vest nam, Ủi đồ công sở 5 món",Khác,gemini_synthetic,0.9
"Thẩm mỹ viện Mailisa | Chăm sóc da chuyên sâu, Xông hơi thải độc",Khác,gemini_synthetic,0.9
"Dịch vụ Vệ sinh Công nghiệp Sài Gòn | Lau dọn văn phòng định kỳ, Vệ sinh kính toà nhà",Khác,gemini_synthetic,0.9
"Studio Chụp ảnh Hạnh Phúc | Chụp ảnh gia đình, In ảnh khổ lớn",Khác,gemini_synthetic,0.9
"Công ty Sửa chữa Điện tử An Phát | Thay màn hình iPhone 13 Pro Max, Sửa loa ngoài",Khác,gemini_synthetic,0.9
"Văn phòng phẩm Minh Khai | In tài liệu màu A3 (100 tờ), Đóng gáy xoắn",Khác,gemini_synthetic,0.9
"Thợ khóa Sài Gòn | Làm chìa khóa tủ, Sửa khóa cửa cuốn",Khác,gemini_synthetic,0.9
"Cửa hàng Sửa chữa Nội thất Cao Cấp | Bọc lại ghế sofa da, Sửa chân bàn gỗ",Khác,gemini_synthetic,0.9
"Dịch vụ Diệt côn trùng Thành Phát | Phun thuốc diệt muỗi, Đặt bả diệt chuột",Sức khoẻ,gemini_synthetic,0.9
"Gia sư Tiếng Anh Mai Lan | Dạy kèm TOEIC cấp tốc, Luyện thi IELTS",Giáo dục,gemini_synthetic,0.9
"Dịch vụ Chuyển phát nhanh NTN | Giao hỏa tốc bưu phẩm 0.5kg, Phí đóng gói",Khác,gemini_synthetic,0.9
"Cửa hàng Sửa chữa Đồng hồ Hải Triều | Thay pin đồng hồ Citizen, Đánh bóng mặt kính",Khác,gemini_synthetic,0.9
"Công ty Thiết kế Website VNT | Thiết kế trang web doanh nghiệp, Tên miền 1 năm",Khác,gemini_synthetic,0.9
"Cắt tóc nam kiểu undercut, Gội đầu massage",Khác,gemini_synthetic,0.9
"Sửa điện nước tại nhà, Thay bóng đèn LED 3 cái",Khác,gemini_synthetic,0.9
"Thuê xe máy đi Đà Lạt 3 ngày, Phụ phí giao nhận xe",Khác,gemini_synthetic,0.9
"Sửa giày cao gót, Dán đế giày thể thao",Khác,gemini_synthetic,0.9
Tiệm Sửa Xe Máy Hùng Phát,Khác,gemini_synthetic,0.9
Dịch vụ Chăm sóc Xe Ô tô detailing TPHCM,Khác,gemini_synthetic,0.9
Cục Thuế Q.Bình Thạnh | Thuế GTGT quý 2/2024,Khác,gemini_synthetic,0.9
Phòng QL XNC CA Hà Nội | Lệ phí cấp mới hộ chiếu phổ thông,Khác,gemini_synthetic,0.9
"Ngân hàng Vietcombank | Phí duy trì TK, phí SMS banking",Khác,gemini_synthetic,0.9
Quỹ Tấm Lòng Vàng | Ủng hộ đồng bào miền Trung lũ lụt,Khác,gemini_synthetic,0.9
Bảo hiểm Manulife VN | Phí BH nhân thọ HĐ 1234567-2024,Khác,gemini_synthetic,0.9
Bảo hiểm PVI | Bảo hiểm vật chất xe Mazda 3,Khác,gemini_synthetic,0.9
"Văn phòng Công chứng số 7 TP.HCM | Phí công chứng HĐ ủy quyền, Phí sao y bản chính",Khác,gemini_synthetic,0.9
Công ty Luật TNHH Minh Long | Tư vấn pháp luật đất đai,Khác,gemini_synthetic,0.9
"Bệnh viện Thú y An Bình | Tiêm phòng dại chó, Khám tổng quát mèo",Sức khoẻ,gemini_synthetic,0.9
"Pet Mart | Thức ăn hạt Royal Canin 1.5kg, Sữa tắm chó mèo",Khác,gemini_synthetic,0.9
"Dịch vụ Mai táng Hưng Thịnh | Chi phí trọn gói tang lễ, Hòm gỗ",Khác,gemini_synthetic,0.9
"Trại hòm Thiên Phước | Dịch vụ tang lễ, Bình hoa sen",Khác,gemini_synthetic,0.9
Câu lạc bộ Doanh nhân Sài Gòn | Phí hội viên thường niên 2024,Khác,gemini_synthetic,0.9
VCCI | Phí thường niên hội viên,Khác,gemini_synthetic,0.9
Ngân hàng BIDV,Khác,gemini_synthetic,0.9
Hội Doanh Nghiệp Trẻ Việt Nam,Khác,gemini_synthetic,0.9
"Phí làm CCCD gắn chíp, Phí chuyển phát nhanh",Khác,gemini_synthetic,0.9
"Phí rút tiền liên ngân hàng, Phí vấn tin số dư",Khác,gemini_synthetic,0.9
"Tắm sấy chó Poodle, Cắt tỉa móng mèo",Khác,gemini_synthetic,0.9
Ủng hộ quỹ từ thiện trẻ em mồ côi,Khác,gemini_synthetic,0.9
Cục Thuế Quận Bình Thạnh | Thuế TNCN tháng 3/2024,Khác,gemini_synthetic,0.9
Cục Thuế TP.HCM | Thuế GTGT Qúy 1/2024,Khác,gemini_synthetic,0.9
"Ngân hàng Vietcombank | Phí duy trì tài khoản tháng 4, phí chuyển tiền nhanh 24/7",Khác,gemini_synthetic,0.9
"BIDV | Phí rút tiền ATM ngoài hệ thống, phí SMS Banking",Khác,gemini_synthetic,0.9
Hội Chữ thập đỏ Việt Nam | Ủng hộ quỹ phòng chống dịch COVID-19,Khác,gemini_synthetic,0.9
Bảo hiểm Prudential VN | Phí BH nhân thọ HĐ PL007/2024,Khác,gemini_synthetic,0.9
"Bảo hiểm PVI | Phí BH vật chất xe ô tô Innova, BH cháy nổ nhà",Khác,gemini_synthetic,0.9
Manulife Việt Nam | BH,Khác,gemini_synthetic,0.9
"Bách Hóa Xanh | Gạo ST25 5kg, Dầu ăn Tường An 2L, Nước mắm Nam Ngư 750ml",Khác,gemini_synthetic,0.9
"Highlands Coffee | Cà phê sữa đá size M, Bánh mì que",Ăn uống,gemini_synthetic,0.9
"FPT Shop | Điện thoại iPhone 15 Pro Max 256GB, Tai nghe Airpods Pro 2",Khác,gemini_synthetic,0.9
EVN HCMC | Tiền điện tháng 5/2024,Hoá đơn tiện ích,gemini_synthetic,0.9
Petrolimex | Xăng RON95 50 lít,Khác,gemini_synthetic,0.9
"Gogi House | Lẩu Bulgogi, Thịt ba chỉ nướng, Nước ngọt Coca-Cola",Ăn uống,gemini_synthetic,0.9
"Co.opmart | Sữa tươi Vinamilk 1L, Mì gói Hảo Hảo thùng, Trứng gà 10 quả",Khác,gemini_synthetic,0.9
Grab | Chuyến đi từ Quận 1 đến sân bay Tân Sơn Nhất,Khác,gemini_synthetic,0.9
"Nhà thuốc Long Châu | Thuốc hạ sốt Paracetamol, Khẩu trang y tế hộp 50 cái",Sức khoẻ,gemini_synthetic,0.9
"Canifa | Áo sơ mi nam size M, Quần jeans nữ size 28",Khác,gemini_synthetic,0.9
FPT Telecom | Cước internet FPT tháng 6,Hoá đơn tiện ích,gemini_synthetic,0.9
"Phở 24 | Phở bò tái, Trà đá",Ăn uống,gemini_synthetic,0.9
"Thế Giới Di Động | Sạc dự phòng Anker 10000mAh, Dán màn hình iPhone",Khác,gemini_synthetic,0.9
Công ty Cấp nước Sài Gòn | Tiền nước sinh hoạt tháng 5,Hoá đơn tiện ích,gemini_synthetic,0.9
"Tiền thuê nhà tháng 6, Dịch vụ vệ sinh chung cư",Khác,gemini_synthetic,0.9
"Vé xem phim Lật Mặt 7, Bắp rang bơ, Nước ngọt",Khác,gemini_synthetic,0.9
"Sữa tắm Hazeline, Dầu gội Sunsilk, Bàn chải đánh răng P/S",Khác,gemini_synthetic,0.9
"Phí gửi xe máy 2 giờ, Gửi đồ tại tủ locker",Khác,gemini_synthetic,0.9
"tiền điện tháng 5/2024, phí nước sinh hoạt gia đình",Hoá đơn tiện ích,gemini_synthetic,0.9
"cắt tóc gội đầu combo, làm móng tay chân",Khác,gemini_synthetic,0.9
"phí ship đơn hàng Shopee, phí đóng gói carton",Đi lại,gemini_synthetic,0.9
"sửa vòi nước nhà tắm, thay bóng đèn led",Khác,gemini_synthetic,0.9
Công ty Điện lực Bình Thạnh,Hoá đơn tiện ích,gemini_synthetic,0.9
Ban Quản Lý Chung Cư The Manor,Khác,gemini_synthetic,0.9
"EVN HCM | tiền điện nhà A12, phí thuê công tơ",Hoá đơn tiện ích,gemini_synthetic,0.9
"Công ty Cấp nước Sài Gòn | tiền nước sinh hoạt T4/24, phí bảo trì đường ống",Hoá đơn tiện ích,gemini_synthetic,0.9
"Viettel | cước internet 200Mbps, cước truyền hình cáp",Hoá đơn tiện ích,gemini_synthetic,0.9
"FPT Telecom | thuê bao intenet tháng 6, phí lắp đặt modem",Hoá đơn tiện ích,gemini_synthetic,0.9
"BQL Vinhomes Central Park | phí quản lý căn hộ, phí đổ rác sinh hoạt",Khác,gemini_synthetic,0.9
"Bãi xe Lotte Mart | vé xe máy 3h, phí gửi xe qua đêm",Khác,gemini_synthetic,0.9
"Giặt Là Sạch Tinh Tươm | giặt khô áo vest, ủi đồ sơ mi 5 cái",Khác,gemini_synthetic,0.9
"30Shine | combo cắt gội 100k, tẩy da chết mặt",Khác,gemini_synthetic,0.9
"Giao Hàng Tiết Kiệm | phí vận chuyển HCM-HN, phí thu hộ",Khác,gemini_synthetic,0.9
"Dịch vụ Sửa chữa Điện Nước 24/7 | kiểm tra aptomat, sửa chập điện bếp",Khác,gemini_synthetic,0.9
"Tiệm photocopy Bình Minh | in 50 trang màu, đóng gáy lò xo",Khác,gemini_synthetic,0.9
Trạm thu phí Long Thành | phí cầu đường xe con,Khác,gemini_synthetic,0.9
"CellphoneS | nạp card Viettel 100k, thẻ game Garena 50k",Giải trí,gemini_synthetic,0.9
"Dịch vụ vệ sinh công nghiệp SGC | lau dọn văn phòng định kỳ, hút bụi thảm",Khác,gemini_synthetic,0.9
"Cục Thuế Quận Bình Thạnh | Thuế TNCN t04/2024, Lệ phí môn bài",Khác,gemini_synthetic,0.9
"Ngân hàng ACB | Phí thường niên thẻ tín dụng, Phí duy trì tài khoản",Khác,gemini_synthetic,0.9
Bảo hiểm PTI | Phí bảo hiểm xe máy bắt buộc,Khác,gemini_synthetic,0.9
"Văn phòng Công chứng số 7 | Công chứng di chúc, Phí sao y bản chính",Khác,gemini_synthetic,0.9
"Phòng khám thú y PetCare | Tiêm vaccine 5 bệnh cho cún, Tẩy giun",Sức khoẻ,gemini_synthetic,0.9
Quỹ Tấm Lòng Vàng | Ủng hộ đồng bào vùng cao,Khác,gemini_synthetic,0.9
Sở Kế hoạch và Đầu tư TPHCM | Phí đăng ký doanh nghiệp mới,Khác,gemini_synthetic,0.9
Manulife Việt Nam | Phí BHNT định kỳ HĐ-MNL005,Khác,gemini_synthetic,0.9
Vietcombank | Phí chuyển tiền quốc tế,Khác,gemini_synthetic,0.9
"Cục Hải quan TP.HCM | Thuế nhập khẩu lô hàng A23, VAT hàng hóa",Khác,gemini_synthetic,0.9
Luật sư XYZ | Tư vấn tranh chấp đất đai,Khác,gemini_synthetic,0.9
Bảo hiểm PVI | Bảo hiểm cháy nổ nhà ở,Khác,gemini_synthetic,0.9
CLB Golf Sài Gòn,Khác,gemini_synthetic,0.9
Dịch vụ Tang lễ Bình An,Khác,gemini_synthetic,0.9
"Lệ phí cấp lại CCCD, Phí xác minh số dư tài khoản",Khác,gemini_synthetic,0.9
"Phí rút tiền khác NH, Phí SMS Banking tháng 5",Khác,gemini_synthetic,0.9
Đóng góp xây cầu nông thôn,Khác,gemini_synthetic,0.9
"Dịch vụ chăm sóc chó mèo, Cắt tỉa lông",Khác,gemini_synthetic,0.9
BH Bảo Việt | BH tai nạn cá nhân 2024,Khác,gemini_synthetic,0.9
Phí dịch vụ chung cư,Khác,gemini_synthetic,0.9
Cục Thuế Quận Bình Thạnh | Thuế TNCN tháng 4/2024,Khác,gemini_synthetic,0.9
BIDV | Phí duy trì tài khoản thanh toán,Khác,gemini_synthetic,0.9
Quỹ Bảo trợ trẻ em VN | Ủng hộ trẻ em vùng lũ,Khác,gemini_synthetic,0.9
"Bảo hiểm Prudential | Phí bảo hiểm nhân thọ năm 2024, Hợp đồng HP12345",Khác,gemini_synthetic,0.9
Văn phòng Công chứng số 1 | Lệ phí công chứng di chúc,Khác,gemini_synthetic,0.9
"Pet Hospital | Khám tổng quát cho chó Alaska, Thuốc trị ve rận",Sức khoẻ,gemini_synthetic,0.9
Dịch vụ Tang lễ Hoà Bình | Chi phí mai táng trọn gói,Khác,gemini_synthetic,0.9
Hội Chữ thập đỏ Việt Nam | Phí hội viên năm 2024,Khác,gemini_synthetic,0.9
Cục Thuế TP.HCM,Khác,gemini_synthetic,0.9
Bảo hiểm PTI,Khác,gemini_synthetic,0.9
Phí cấp đổi CCCD gắn chip,Khác,gemini_synthetic,0.9
Ủng hộ quỹ người nghèo vùng cao,Khác,gemini_synthetic,0.9
"Tiêm phòng dại cho mèo, tẩy giun",Khác,gemini_synthetic,0.9
Phí duy trì thẻ ATM Visa,Khác,gemini_synthetic,0.9
Agribank | Phí chuyển tiền liên ngân hàng 50.000đ,Khác,gemini_synthetic,0.9
Manulife Việt Nam | Phí định kỳ BHNT Qúy 2/2024,Khác,gemini_synthetic,0.9
Cục quản lý xuất nhập cảnh | Lệ phí làm hộ chiếu phổ thông,Khác,gemini_synthetic,0.9
Dịch vụ luật sư Minh An | Tư vấn tranh chấp đất đai,Khác,gemini_synthetic,0.9
"Thanh toán dịch vụ, mã đơn 98765",Khác,gemini_synthetic,0.9
CLB Bóng bàn Sài Gòn | Phí thành viên hàng tháng,Khác,gemini_synthetic,0.9
"Siêu thị AEON Mall | Sữa tươi TH true milk, xúc xích Vissan, khăn giấy",Khác,gemini_synthetic,0.9
"Thế Giới Di Động | Cáp sạc iPhone, tai nghe Bluetooth",Khác,gemini_synthetic,0.9
"Phúc Long Coffee & Tea | Trà sữa đào, bánh mì ngọt",Ăn uống,gemini_synthetic,0.9
"Nhà thuốc An Khang | Thuốc cảm cúm Hapacol, khẩu trang y tế",Sức khoẻ,gemini_synthetic,0.9
"Vinmart+ | Mì gói Omachi, trứng gà 10 quả, rau cải xanh",Khác,gemini_synthetic,0.9
"Shopee Food | Bánh cuốn nóng, nước ép ổi",Ăn uống,gemini_synthetic,0.9
"Galaxy Cinema | Vé suất chiếu 19h ""Đấu trường sinh tử"", combo bắp nước",Khác,gemini_synthetic,0.9
"Viettel Store | Miếng dán màn hình điện thoại, ốp lưng silicon",Mua sắm,gemini_synthetic,0.9
Công ty CP Cấp nước Sài Gòn | Tiền nước tháng 5/2024,Hoá đơn tiện ích,gemini_synthetic,0.9
"Vietnam Airlines | Phí đổi chuyến bay VN234, phụ thu hành lý kí gửi",Khác,gemini_synthetic,0.9
"Bệnh viện Từ Dũ | Phí khám phụ khoa, thuốc bổ sắt",Sức khoẻ,gemini_synthetic,0.9
Trung tâm Ngoại ngữ ILA | Khóa học tiếng Anh trẻ em level 2,Giáo dục,gemini_synthetic,0.9
"Sửa chữa điện lạnh Dũng Phát | Vệ sinh máy lạnh 2 bộ, kiểm tra tủ lạnh",Khác,gemini_synthetic,0.9
"Nhà hàng Gogi House | Lẩu bò Mỹ, panchan, kim chi",Ăn uống,gemini_synthetic,0.9
"Dịch vụ giặt ủi đồ công sở, sấy khô nhanh",Khác,gemini_synthetic,0.9
"Phí trông giữ xe máy 3 đêm, vé gửi ô tô giờ hành chính",Khác,gemini_synthetic,0.9
Tiền điện sinh hoạt gia đình T4/2024,Hoá đơn tiện ích,gemini_synthetic,0.9
"Mua sắm quần áo Hè tại chợ đêm, đôi giày thể thao",Mua sắm,gemini_synthetic,0.9
Lazada,Mua sắm,gemini_synthetic,0.9
Traveloka,Khác,gemini_synthetic,0.9
"FPT Telecom | Phí lắp đặt wifi, Cước internet tháng 4",Hoá đơn tiện ích,gemini_synthetic,0.9
VNPT | Phí thuê bao MyTV cơ bản,Hoá đơn tiện ích,gemini_synthetic,0.9
"Bệnh viện Chợ Rẫy | Viện phí khám tổng quát, Thuốc hạ sốt Paracetamol",Sức khoẻ,gemini_synthetic,0.9
"CGV Vincom | Vé xem phim ""Mai"", Bắp nước combo lớn",Giải trí,gemini_synthetic,0.9
"Gara Ô tô An Phát | Thay nhớt xe Mazda 3, Kiểm tra lốp",Đi lại,gemini_synthetic,0.9
"Chuyển Nhà Trọn Gói Hưng Phát | Phí bốc xếp đồ đạc, Vận chuyển tủ lạnh",Khác,gemini_synthetic,0.9
"Thẩm mỹ viện Ngọc Dung | Dịch vụ spa mặt, Triệt lông vĩnh viễn",Khác,gemini_synthetic,0.9
Viettel Store | Nạp 100k điện thoại gói V100,Hoá đơn tiện ích,gemini_synthetic,0.9
Trung Tâm Âm Nhạc Ho,Khác,gemini_synthetic,0.9
"Highlands Coffee | Cà phê sữa đá, Bánh phô mai",Ăn uống,gemini_synthetic,0.9
"FPT Shop | iphone 15 Pro Max 256GB, Tai nghe Airpods Pro 2",Khác,gemini_synthetic,0.9
"VinMart | Gạo ST25 5kg, Thịt bò Mỹ, Sữa tươi Vinamilk 1L",Khác,gemini_synthetic,0.9
"Tiền điện tháng 5/2024, Nước sinh hoạt, Internet VNPT gói Home Net",Hoá đơn tiện ích,gemini_synthetic,0.9
"Nhà thuốc Long Châu | Thuốc hạ sốt Paracetamol, Khẩu trang y tế 50 cái, Nước muối",Sức khoẻ,gemini_synthetic,0.9
"The Coffee House | Trà sữa Macchiato, Bánh mì que",Ăn uống,gemini_synthetic,0.9
"Cắt gội, Uốn tóc nam",Khác,gemini_synthetic,0.9
"GrabFood | Phở cuốn, Nước ngọt Coca-Cola",Ăn uống,gemini_synthetic,0.9
"Fahasa | Sách ""Đắc nhân tâm"", Vở học sinh 10q, Bút bi TL",Khác,gemini_synthetic,0.9
"Đổ xăng Ron 95 350k, Thay nhớt xe máy",Đi lại,gemini_synthetic,0.9
Cục Thuế Quận 1 | Thuế TNCN tháng 3/2024,Khác,gemini_synthetic,0.9
UBND Phường 5 | Lệ phí đăng ký kết hôn,Khác,gemini_synthetic,0.9
Sở Giao thông Vận tải Hà Nội | Phí cấp đổi giấy phép lái xe ô tô,Khác,gemini_synthetic,0.9
Chi cục Đăng kiểm xe cơ giới | Phí kiểm định xe ô tô định kỳ,Khác,gemini_synthetic,0.9
Phòng Quản lý Đất đai | Thuế sử dụng đất phi nông nghiệp,Khác,gemini_synthetic,0.9
Cục Quản lý Xuất nhập cảnh | Phí gia hạn visa cho người nước ngoài,Khác,gemini_synthetic,0.9
Công an Quận 10 | Lệ phí cấp căn cước công dân gắn chip,Khác,gemini_synthetic,0.9
Sở Tư pháp TP.HCM | Phí đăng ký khai sinh trích lục,Khác,gemini_synthetic,0.9
Bộ Tài chính | Thuế giá trị gia tăng (VAT) quý 1/2024,Khác,gemini_synthetic,0.9
Cục Sở hữu Trí tuệ Việt Nam | Phí đăng ký nhãn hiệu sản phẩm mới,Khác,gemini_synthetic,0.9
Ngân hàng Vietcombank | Phí chuyển khoản nội bộ qua Internet Banking,Khác,gemini_synthetic,0.9
BIDV | Phí duy trì tài khoản thanh toán năm 2024,Khác,gemini_synthetic,0.9
Techcombank | Phí thường niên thẻ tín dụng Visa Platinum,Khác,gemini_synthetic,0.9
Agribank ATM | Phí rút tiền khác ngân hàng,Khác,gemini_synthetic,0.9
VPBank | Phí tin nhắn SMS Banking hàng tháng,Khác,gemini_synthetic,0.9
MB Bank | Phí dịch vụ Internet Banking trọn gói,Khác,gemini_synthetic,0.9
Sacombank | Phí quản lý tài khoản ngoại tệ USD,Khác,gemini_synthetic,0.9
Maritime Bank | Phí giao dịch chứng khoán qua tài khoản,Khác,gemini_synthetic,0.9
HD Bank | Phí bảo trì hệ thống Mobile Banking,Khác,gemini_synthetic,0.9
Shinhan Bank | Phí quản lý khoản vay tiêu dùng cá nhân,Khác,gemini_synthetic,0.9
Quỹ vì Người nghèo Việt Nam | Ủng hộ xây nhà tình nghĩa cho hộ nghèo,Khác,gemini_synthetic,0.9
Hội Chữ thập đỏ Việt Nam | Quyên góp nạn nhân bão lũ miền Trung,Khác,gemini_synthetic,0.9
Tổ chức Saigon Children's Charity | Tài trợ học bổng cho trẻ em khó khăn,Khác,gemini_synthetic,0.9
Chùa Phúc Khánh | Cúng dường tam bảo,Khác,gemini_synthetic,0.9
Giáo xứ Đức Bà | Đóng góp xây dựng nhà thờ,Khác,gemini_synthetic,0.9
Quỹ Vòng Tay Yêu Thương | Hỗ trợ chi phí mổ tim cho bé,Khác,gemini_synthetic,0.9
Đội Tình nguyện Mùa Hè Xanh | Ủng hộ nhu yếu phẩm vùng cao,Khác,gemini_synthetic,0.9
Chương trình Trái Tim Hồng | Quyên góp cho bệnh nhân ung thư,Khác,gemini_synthetic,0.9
Quỹ Bảo tồn Động vật Hoang dã | Ủng hộ bảo vệ tê giác,Khác,gemini_synthetic,0.9
Công đoàn công ty ABC | Đóng góp quỹ tương trợ đồng nghiệp,Khác,gemini_synthetic,0.9
Prudential Việt Nam | Phí bảo hiểm nhân thọ An Phát Cát Tường,Khác,gemini_synthetic,0.9
"Bảo Việt Insurance | Phí bảo hiểm ô tô vật chất, trách nhiệm dân sự",Khác,gemini_synthetic,0.9
PTI - Tổng Công ty Cổ phần Bảo hiểm Bưu điện | Phí bảo hiểm xe máy bắt buộc,Khác,gemini_synthetic,0.9
Manulife Việt Nam | Phí bảo hiểm sức khỏe cá nhân cao cấp,Khác,gemini_synthetic,0.9
Generali Việt Nam | Phí bảo hiểm nhà ở và tài sản gia đình,Khác,gemini_synthetic,0.9
FWD Việt Nam | Phí bảo hiểm bệnh hiểm nghèo,Khác,gemini_synthetic,0.9
AIA Việt Nam | Phí bảo hiểm học vấn cho con,Khác,gemini_synthetic,0.9
VNI - Bảo hiểm Hàng không | Phí bảo hiểm trách nhiệm công cộng,Khác,gemini_synthetic,0.9
PVI Insurance | Phí bảo hiểm cháy nổ nhà xưởng,Khác,gemini_synthetic,0.9
Bảo Minh | Phí bảo hiểm du lịch quốc tế,Khác,gemini_synthetic,0.9
Văn phòng Công chứng Đống Đa | Phí công chứng hợp đồng ủy quyền,Khác,gemini_synthetic,0.9
Công ty Luật Gia An | Phí tư vấn ly hôn,Khác,gemini_synthetic,0.9
Văn phòng Luật sư Nguyễn và Cộng sự | Phí dịch vụ tranh chấp đất đai,Khác,gemini_synthetic,0.9
Văn phòng Thừa phát lại | Phí lập vi bằng xác nhận hiện trạng,Khác,gemini_synthetic,0.9
Sở Tư pháp TP.HCM | Phí chứng thực bản sao văn bằng,Khác,gemini_synthetic,0.9
Văn phòng Luật sư Sài Gòn | Phí tư vấn thành lập doanh nghiệp,Khác,gemini_synthetic,0.9
Công ty Luật A&B | Phí dịch vụ thu hồi công nợ,Khác,gemini_synthetic,0.9
Văn phòng Công chứng Số 1 HCM | Phí công chứng di chúc,Khác,gemini_synthetic,0.9
Trung tâm Trọng tài Quốc tế Việt Nam (VIAC) | Phí trọng tài giải quyết tranh chấp hợp đồng,Khác,gemini_synthetic,0.9
Luật sư Hoàng Minh | Phí tư vấn pháp luật lao động,Khác,gemini_synthetic,0.9
"Thú y PetCare | Tiêm vaccine 7 bệnh cho mèo, tẩy giun",Khác,gemini_synthetic,0.9
"Siêu thị Thức ăn Thú cưng An Phát | Mua hạt Royal Canin cho chó, đồ chơi gặm",Khác,gemini_synthetic,0.9
"Spa & Grooming Happy Pet | Cắt tỉa lông mèo Ba Tư, tắm sấy thơm",Khác,gemini_synthetic,0.9
Khách sạn Thú cưng Kim Anh | Gửi giữ chó Golden Retriever 3 ngày,Khác,gemini_synthetic,0.9
"Pet Shop Mèo Cưng | Mua cát vệ sinh, pate Wanpy",Khác,gemini_synthetic,0.9
"Phòng khám Thú y 24/7 | Khám tổng quát chuột Hamster, thuốc trị nấm",Khác,gemini_synthetic,0.9
"Pet Garden | Mua chuồng chim, thức ăn cho cá cảnh",Khác,gemini_synthetic,0.9
"Grooming My Pet | Cắt móng, vệ sinh tai cho chó Poodle",Khác,gemini_synthetic,0.9
"Pet Mart | Mua lồng vận chuyển, sữa tắm cho chó con",Khác,gemini_synthetic,0.9
Bệnh viện Thú y Đại học Nông Lâm | Phẫu thuật triệt sản chó cái,Khác,gemini_synthetic,0.9
VNPost | Phí gửi thư bảo đảm nội tỉnh,Khác,gemini_synthetic,0.9
Giao hàng tiết kiệm | Phí vận chuyển đơn hàng quần áo,Khác,gemini_synthetic,0.9
Viettel Post | Phí chuyển phát nhanh tài liệu khẩn,Khác,gemini_synthetic,0.9
J&T Express | Phí gửi hàng COD giày dép,Khác,gemini_synthetic,0.9
EMS Vietnam | Phí gửi bưu phẩm đi nước ngoài,Khác,gemini_synthetic,0.9
Ninja Van | Phí giao hàng hỏa tốc trong nội thành,Khác,gemini_synthetic,0.9
AhaMove | Phí ship đồ ăn khuya,Khác,gemini_synthetic,0.9
Giao hàng nhanh | Phí vận chuyển laptop từ HN vào HCM,Khác,gemini_synthetic,0.9
Bưu cục Cầu Giấy | Phí thuê hộp thư bưu điện,Khác,gemini_synthetic,0.9
Shipchung.vn | Phí đối soát COD cho shop online,Khác,gemini_synthetic,0.9
